amount,user,gl_account,weekend,nwh,promptly,top_n,high_cash,marking,label,anomaly_type,posting_date,entry_id,user_encoded,gl_account_encoded,leading_digit,second_digit,is_round_amount,just_below_threshold,benford_deviation,weekend_or_late,reversal_candidate,novel_user_account_combo
316.07,David,GL1005,0,0,1,0,0,0,0,normal,2025-07-23,E000000,0,0,3,1,0,0,0.023434977209803698,0,0,0
143.3,Charlie,GL1004,0,0,1,0,1,0,0,normal,2025-06-05,E000001,1,1,1,4,0,0,0.032859569598818306,0,0,0
1127.32,Bob,GL1014,0,0,1,0,0,0,0,normal,2024-02-22,E000002,2,2,1,1,0,0,0.032859569598818306,0,0,0
999.35,Bob,GL1002,1,0,1,0,0,0,0,normal,2025-04-21,E000003,2,3,9,9,0,1,0.01940541670749528,1,0,0
485.97,Bob,GL1008,0,0,1,0,0,0,0,normal,2025-11-16,E000004,2,4,4,8,0,0,0.013365676215001218,0,0,0
684.64,Bob,GL1014,0,0,1,0,0,0,0,normal,2024-05-03,E000005,2,2,6,8,0,0,0.010555812187004202,0,0,0
390.73,Charlie,GL1003,0,0,1,0,1,0,0,normal,2025-06-05,E000006,1,5,3,9,0,0,0.023434977209803698,0,0,0
1766.51,David,GL1018,0,0,1,0,0,0,0,normal,2024-08-30,E000007,0,6,1,7,0,0,0.032859569598818306,0,0,0
585.34,Max,GL1014,0,0,1,0,0,0,0,normal,2025-02-15,E000008,3,2,5,8,0,0,0.023575646182951618,0,0,0
1752.18,Fred,GL1008,0,0,1,0,0,0,0,normal,2024-04-12,E000009,4,4,1,7,0,0,0.032859569598818306,0,0,0
1358.33,Charlie,GL1001,0,0,1,0,0,0,0,normal,2024-01-19,E000010,1,7,1,3,0,0,0.032859569598818306,0,0,0
843.32,Bob,GL1008,0,0,1,0,0,0,0,normal,2024-07-26,E000011,2,4,8,4,0,0,0.017769783317029733,0,0,0
514.09,Alice,GL1012,0,0,1,0,0,0,0,normal,2025-02-22,E000012,5,8,5,1,0,0,0.023575646182951618,0,0,0
438.73,Charlie,GL1009,0,0,1,0,0,0,0,normal,2025-10-31,E000013,1,9,4,3,0,0,0.013365676215001218,0,0,0
626.25,Bob,GL1017,0,0,1,0,0,0,0,normal,2024-09-16,E000014,2,10,6,2,0,0,0.010555812187004202,0,0,0
753.27,Charlie,GL1014,0,0,1,0,0,0,0,normal,2024-09-03,E000015,1,2,7,5,0,0,0.002158428962162888,0,0,0
4520.25,Charlie,GL1002,0,0,1,0,0,0,0,normal,2025-10-31,E000016,1,3,4,5,0,0,0.013365676215001218,0,0,0
109.6,David,GL1015,0,0,1,0,0,0,0,normal,2024-10-04,E000017,0,11,1,0,0,0,0.032859569598818306,0,0,0
262.2,Charlie,GL1015,0,0,2,0,0,0,0,normal,2025-03-18,E000018,1,11,2,6,0,0,0.00942459238901458,0,0,0
2464.0,Charlie,GL1007,0,0,1,0,0,0,0,normal,2025-06-12,E000019,1,12,2,4,0,0,0.00942459238901458,0,0,0
304.25,Bob,GL1011,1,0,1,0,0,0,0,normal,2024-07-31,E000020,2,13,3,0,0,0,0.023434977209803698,1,0,0
2719.62,Bob,GL1019,0,0,1,0,0,0,0,normal,2024-03-20,E000021,2,14,2,7,0,0,0.00942459238901458,0,0,0
847.27,Fred,GL1015,0,0,1,1,0,0,0,normal,2024-09-05,E000022,4,11,8,4,0,0,0.017769783317029733,0,0,0
265.06,Alice,GL1019,0,0,1,0,0,0,0,normal,2025-02-13,E000023,5,14,2,6,0,0,0.00942459238901458,0,0,0
579.83,Charlie,GL1003,0,0,1,0,0,2,0,normal,2024-05-24,E000024,1,5,5,7,0,0,0.023575646182951618,0,0,0
4570.98,Alice,GL1001,0,0,1,0,0,0,0,normal,2025-04-28,E000025,5,7,4,5,0,0,0.013365676215001218,0,0,0
536.81,Fred,GL1010,0,0,1,0,1,0,0,normal,2024-09-18,E000026,4,15,5,3,0,0,0.023575646182951618,0,0,0
244.19,Bob,GL1018,1,0,1,0,0,0,0,normal,2025-05-23,E000027,2,6,2,4,0,0,0.00942459238901458,1,0,0
1694.0978105637053,Max,GL1007,1,0,1,1,1,3,1,cash_with_pattern,2025-08-08,E000028,3,12,1,6,0,0,0.032859569598818306,1,0,0
180.67,Alice,GL1019,2,0,1,0,0,0,0,normal,2024-10-26,E000029,5,14,1,8,0,0,0.032859569598818306,1,0,0
1640.05,David,GL1008,0,0,1,0,0,0,0,normal,2024-11-01,E000030,0,4,1,6,0,0,0.032859569598818306,0,0,0
1167.98,Alice,GL1005,0,0,1,0,0,0,0,normal,2024-07-31,E000031,5,0,1,1,0,0,0.032859569598818306,0,0,0
529.92,Max,GL1004,0,0,1,0,1,0,0,normal,2024-02-22,E000032,3,1,5,2,0,0,0.023575646182951618,0,0,0
215.62,Fred,GL1014,0,0,1,0,0,0,0,normal,2025-01-19,E000033,4,2,2,1,0,0,0.00942459238901458,0,0,0
1194.56,Alice,GL1010,1,0,1,0,0,0,0,normal,2025-08-01,E000034,5,15,1,1,0,0,0.032859569598818306,1,0,0
578.78,Charlie,GL1014,0,0,1,0,0,0,0,normal,2025-04-13,E000035,1,2,5,7,0,0,0.023575646182951618,0,0,0
349.85,Fred,GL1007,0,0,1,0,0,0,0,normal,2025-06-02,E000036,4,12,3,4,0,0,0.023434977209803698,0,0,0
1071.76,Alice,GL1003,0,0,1,0,1,0,0,normal,2025-06-14,E000037,5,5,1,0,0,0,0.032859569598818306,0,0,0
5063.0,David,GL1011,0,0,1,0,0,2,1,benford_violation,2025-03-07,E000038,0,13,5,0,0,0,0.023575646182951618,0,0,0
1832.6909891728187,David,GL1013,0,0,2,1,1,6,1,cash_with_pattern,2024-08-19,E000039,0,16,1,8,0,0,0.032859569598818306,0,0,0
9158.85,Charlie,GL1011,0,0,1,0,1,0,0,normal,2024-06-11,E000040,1,13,9,1,0,0,0.01940541670749528,0,0,0
477.51,Charlie,GL1004,0,0,1,0,0,0,0,normal,2024-07-30,E000041,1,1,4,7,0,0,0.013365676215001218,0,0,0
210.58,Bob,GL1004,2,0,1,0,0,0,0,normal,2024-12-16,E000042,2,1,2,1,0,0,0.00942459238901458,1,0,0
1307.38,Bob,GL1004,0,0,1,0,0,0,0,normal,2024-10-15,E000043,2,1,1,3,0,0,0.032859569598818306,0,0,0
454.3,Bob,GL1012,0,0,1,0,0,0,0,normal,2025-05-01,E000044,2,8,4,5,0,0,0.013365676215001218,0,0,0
446.62,Charlie,GL1002,2,0,1,0,0,0,0,normal,2024-08-27,E000045,1,3,4,4,0,0,0.013365676215001218,1,0,0
175.48,Charlie,GL1017,0,0,1,0,0,6,0,normal,2024-01-11,E000046,1,10,1,7,0,0,0.032859569598818306,0,0,0
416.33,Charlie,GL1008,0,0,1,0,0,0,0,normal,2024-11-03,E000047,1,4,4,1,0,0,0.013365676215001218,0,0,0
375.05,Alice,GL1012,0,0,1,0,0,0,0,normal,2024-02-03,E000048,5,8,3,7,0,0,0.023434977209803698,0,0,0
162.52,Alice,GL1010,0,0,1,0,0,0,0,normal,2024-12-17,E000049,5,15,1,6,0,0,0.032859569598818306,0,0,0
1654.81,David,GL1019,0,0,1,0,0,0,0,normal,2025-01-18,E000050,0,14,1,6,0,0,0.032859569598818306,0,0,0
140.53,Fred,GL1018,0,0,1,0,0,0,0,normal,2025-09-08,E000051,4,6,1,4,0,0,0.032859569598818306,0,0,0
618.05,Fred,GL1008,2,1,1,0,0,0,0,normal,2025-11-03,E000052,4,4,6,1,0,0,0.010555812187004202,1,0,0
537.45,Max,GL1010,0,0,1,0,0,0,0,normal,2025-03-09,E000053,3,15,5,3,0,0,0.023575646182951618,0,0,0
363.57,David,GL1010,0,0,1,0,0,0,0,normal,2024-08-02,E000054,0,15,3,6,0,0,0.023434977209803698,0,0,0
797.97,Max,GL1006,0,0,1,0,0,0,0,normal,2025-11-25,E000055,3,17,7,9,0,0,0.002158428962162888,0,0,0
1738.02,Charlie,GL1009,0,0,1,0,0,0,0,normal,2024-09-11,E000056,1,9,1,7,0,0,0.032859569598818306,0,0,0
267.11,Alice,GL1001,0,0,1,0,0,1,0,normal,2024-10-07,E000057,5,7,2,6,0,0,0.00942459238901458,0,0,0
662.08,Max,GL1015,0,0,1,0,0,2,0,normal,2024-01-29,E000058,3,11,6,6,0,0,0.010555812187004202,0,0,0
577.68,David,GL1008,0,0,2,0,0,0,0,normal,2025-02-21,E000059,0,4,5,7,0,0,0.023575646182951618,0,0,0
2416.06,Alice,GL1000,0,0,1,0,0,0,0,normal,2024-09-02,E000060,5,18,2,4,0,0,0.00942459238901458,0,0,0
1835.77,Bob,GL1019,1,0,1,0,0,0,0,normal,2024-01-20,E000061,2,14,1,8,0,0,0.032859569598818306,1,0,0
246.32,Max,GL1018,0,0,1,0,0,0,0,normal,2024-12-26,E000062,3,6,2,4,0,0,0.00942459238901458,0,0,0
492.25,Bob,GL1010,0,0,1,0,0,0,0,normal,2024-12-20,E000063,2,15,4,9,0,0,0.013365676215001218,0,0,0
390.87,Alice,GL1011,0,0,1,0,1,5,0,normal,2025-08-11,E000064,5,13,3,9,0,0,0.023434977209803698,0,0,0
389.57,Alice,GL1009,0,0,1,0,0,0,0,normal,2025-06-20,E000065,5,9,3,8,0,0,0.023434977209803698,0,0,0
706.85,Fred,GL1007,2,0,1,0,0,0,0,normal,2024-10-08,E000066,4,12,7,0,0,0,0.002158428962162888,1,0,0
1993.905246128336,Max,GL1100,0,0,1,1,0,5,1,novel_user_account,2024-02-09,E000067,3,19,1,9,0,0,0.032859569598818306,0,0,0
848.36,Alice,GL1014,0,0,1,0,0,0,0,normal,2025-02-28,E000068,5,2,8,4,0,0,0.017769783317029733,0,0,0
435.95,Fred,GL1006,0,0,1,0,0,0,0,normal,2025-01-30,E000069,4,17,4,3,0,0,0.013365676215001218,0,0,0
576.36,Fred,GL1012,0,0,1,0,0,0,0,normal,2024-07-11,E000070,4,8,5,7,0,0,0.023575646182951618,0,0,0
471.13,Bob,GL1004,0,0,1,1,0,0,0,normal,2025-03-27,E000071,2,1,4,7,0,0,0.013365676215001218,0,0,0
5088.0,Max,GL1005,0,0,1,0,0,2,1,benford_violation,2025-12-13,E000072,3,0,5,0,0,0,0.023575646182951618,0,0,0
319.77,David,GL1003,0,0,1,0,0,0,0,normal,2024-02-14,E000073,0,5,3,1,0,0,0.023434977209803698,0,0,0
461.38,Alice,GL1019,0,0,1,0,0,0,0,normal,2025-05-09,E000074,5,14,4,6,0,0,0.013365676215001218,0,0,0
574.16,Bob,GL1002,0,0,1,0,0,2,0,normal,2025-04-02,E000075,2,3,5,7,0,0,0.023575646182951618,0,0,0
2523.27,Charlie,GL1002,0,0,1,0,0,0,0,normal,2024-05-18,E000076,1,3,2,5,0,0,0.00942459238901458,0,0,0
329.79,Alice,GL1002,0,0,2,0,0,0,0,normal,2025-03-13,E000077,5,3,3,2,0,0,0.023434977209803698,0,0,0
209.99,Charlie,GL1005,0,0,1,0,0,0,0,normal,2025-02-22,E000078,1,0,2,0,0,0,0.00942459238901458,0,0,0
1089.62,Max,GL1013,0,0,1,0,0,0,0,normal,2025-01-15,E000079,3,16,1,0,0,0,0.032859569598818306,0,0,0
191.72,Fred,GL1004,0,1,2,0,0,0,0,normal,2024-03-07,E000080,4,1,1,9,0,0,0.032859569598818306,1,0,0
1414.19,Bob,GL1008,0,0,1,0,0,0,0,normal,2025-08-24,E000081,2,4,1,4,0,0,0.032859569598818306,0,0,0
290.76,Bob,GL1002,0,0,1,0,0,0,0,normal,2025-02-28,E000082,2,3,2,9,0,0,0.00942459238901458,0,0,0
767.15,Bob,GL1016,1,0,1,0,0,0,0,normal,2025-01-18,E000083,2,20,7,6,0,0,0.002158428962162888,1,0,0
727.44,Fred,GL1003,0,0,1,0,0,0,0,normal,2024-10-03,E000084,4,5,7,2,0,0,0.002158428962162888,0,0,0
-1159.6619217520663,David,GL1009,0,0,1,1,0,6,1,reversal_pattern,2025-10-11,E000085,0,9,1,1,0,0,0.032859569598818306,0,1,0
1605.2066113709238,Max,GL1102,0,1,1,1,0,5,1,novel_user_account,2024-03-27,E000086,3,21,1,6,0,0,0.032859569598818306,1,0,0
941.3,Charlie,GL1014,1,0,1,0,0,0,0,normal,2025-07-21,E000087,1,2,9,4,0,0,0.01940541670749528,1,0,0
939.22,Charlie,GL1014,0,0,1,0,0,0,0,normal,2025-02-09,E000088,1,2,9,3,0,0,0.01940541670749528,0,0,0
202.26,David,GL1007,0,0,1,0,0,0,0,normal,2025-08-25,E000089,0,12,2,0,0,0,0.00942459238901458,0,0,0
173.3,Max,GL1019,0,0,1,0,0,0,0,normal,2024-02-03,E000090,3,14,1,7,0,0,0.032859569598818306,0,0,0
657.95,Bob,GL1005,0,0,1,0,0,0,0,normal,2024-09-20,E000091,2,0,6,5,0,0,0.010555812187004202,0,0,0
138.36,David,GL1009,0,0,1,0,0,0,0,normal,2024-02-29,E000092,0,9,1,3,0,0,0.032859569598818306,0,0,0
1005.71,David,GL1019,0,0,2,0,0,0,0,normal,2024-07-27,E000093,0,14,1,0,0,0,0.032859569598818306,0,0,0
260.73,David,GL1000,0,0,2,0,0,0,0,normal,2024-02-05,E000094,0,18,2,6,0,0,0.00942459238901458,0,0,0
145.91,Max,GL1012,0,0,1,0,0,0,0,normal,2025-05-27,E000095,3,8,1,4,0,0,0.032859569598818306,0,0,0
631.91,Alice,GL1015,0,0,1,1,0,0,0,normal,2025-01-27,E000096,5,11,6,3,0,0,0.010555812187004202,0,0,0
50000.0,Charlie,GL1012,0,0,1,1,0,2,1,round_number,2024-02-22,E000097,1,8,5,0,1,0,0.023575646182951618,0,0,0
435.57,Alice,GL1007,0,0,1,0,0,0,0,normal,2025-03-09,E000098,5,12,4,3,0,0,0.013365676215001218,0,0,0
50000.0,Fred,GL1018,1,0,1,1,1,2,1,round_number,2025-02-20,E000099,4,6,5,0,1,0,0.023575646182951618,1,0,0
3265.4,David,GL1017,0,0,1,0,0,0,0,normal,2025-10-13,E000100,0,10,3,2,0,0,0.023434977209803698,0,0,0
591.12,Bob,GL1005,0,0,1,0,0,0,0,normal,2025-03-01,E000101,2,0,5,9,0,0,0.023575646182951618,0,0,0
271.1,Charlie,GL1002,0,0,1,0,0,0,0,normal,2025-09-12,E000102,1,3,2,7,0,0,0.00942459238901458,0,0,0
264.77,Bob,GL1008,0,0,1,0,0,0,0,normal,2024-02-01,E000103,2,4,2,6,0,0,0.00942459238901458,0,0,0
452.81,Charlie,GL1008,0,0,1,0,0,0,0,normal,2025-01-01,E000104,1,4,4,5,0,0,0.013365676215001218,0,0,0
105.09,Bob,GL1008,0,0,1,0,0,0,0,normal,2024-10-23,E000105,2,4,1,0,0,0,0.032859569598818306,0,0,0
397.88,Bob,GL1001,0,0,1,0,0,0,0,normal,2025-07-28,E000106,2,7,3,9,0,0,0.023434977209803698,0,0,0
998.56,Bob,GL1006,0,1,1,0,0,3,1,threshold_avoidance,2025-09-25,E000107,2,17,9,9,0,1,0.01940541670749528,1,0,0
301.77,Bob,GL1006,0,0,1,0,0,0,0,normal,2024-09-20,E000108,2,17,3,0,0,0,0.023434977209803698,0,0,0
317.34,David,GL1004,0,0,1,0,0,0,0,normal,2025-02-09,E000109,0,1,3,1,0,0,0.023434977209803698,0,0,0
481.92,Bob,GL1006,0,0,1,0,0,0,0,normal,2025-09-20,E000110,2,17,4,8,0,0,0.013365676215001218,0,0,0
907.03,Bob,GL1018,0,0,1,0,0,0,0,normal,2024-11-15,E000111,2,6,9,0,0,0,0.01940541670749528,0,0,0
226.73,Alice,GL1004,1,0,1,0,0,0,0,normal,2025-07-27,E000112,5,1,2,2,0,0,0.00942459238901458,1,0,0
1467.71,Charlie,GL1009,0,0,1,0,0,0,0,normal,2025-03-01,E000113,1,9,1,4,0,0,0.032859569598818306,0,0,0
485.0,Charlie,GL1015,0,0,2,0,0,0,0,normal,2024-08-02,E000114,1,11,4,8,0,0,0.013365676215001218,0,0,0
983.37,Bob,GL1007,0,0,1,0,0,0,0,normal,2024-01-09,E000115,2,12,9,8,0,0,0.01940541670749528,0,0,0
299.19,Bob,GL1004,0,0,1,0,0,0,0,normal,2024-12-31,E000116,2,1,2,9,0,0,0.00942459238901458,0,0,0
1159.6619217520663,David,GL1009,0,0,1,1,0,6,1,reversal_pattern,2025-03-13,E000117,0,9,1,1,0,0,0.032859569598818306,0,1,0
492.4,Charlie,GL1019,0,0,1,0,0,0,0,normal,2024-11-24,E000118,1,14,4,9,0,0,0.013365676215001218,0,0,0
369.17,Bob,GL1000,0,0,1,0,1,0,0,normal,2025-09-15,E000119,2,18,3,6,0,0,0.023434977209803698,0,0,0
706.19,Fred,GL1001,0,0,1,0,0,0,0,normal,2025-10-27,E000120,4,7,7,0,0,0,0.002158428962162888,0,0,0
852.9,Charlie,GL1015,0,0,2,0,0,0,0,normal,2025-09-15,E000121,1,11,8,5,0,0,0.017769783317029733,0,0,0
2811.86,Alice,GL1009,2,0,1,0,0,0,0,normal,2025-04-13,E000122,5,9,2,8,0,0,0.00942459238901458,1,0,0
1232.96,Alice,GL1011,0,0,1,0,0,0,0,normal,2025-11-25,E000123,5,13,1,2,0,0,0.032859569598818306,0,0,0
1516.73,Bob,GL1011,0,0,1,1,0,0,0,normal,2025-09-05,E000124,2,13,1,5,0,0,0.032859569598818306,0,0,0
533.39,Fred,GL1011,0,0,1,0,0,0,0,normal,2024-08-10,E000125,4,13,5,3,0,0,0.023575646182951618,0,0,0
832.25,Bob,GL1005,0,0,1,0,0,0,0,normal,2025-06-29,E000126,2,0,8,3,0,0,0.017769783317029733,0,0,0
980.18,Bob,GL1002,0,0,1,0,0,0,0,normal,2025-05-25,E000127,2,3,9,8,0,0,0.01940541670749528,0,0,0
765.01,Charlie,GL1003,0,0,1,0,0,0,0,normal,2025-07-17,E000128,1,5,7,6,0,0,0.002158428962162888,0,0,0
2984.24,Fred,GL1010,0,0,1,0,0,0,0,normal,2025-11-16,E000129,4,15,2,9,0,0,0.00942459238901458,0,0,0
145.07,Alice,GL1010,0,0,1,0,0,0,0,normal,2025-07-18,E000130,5,15,1,4,0,0,0.032859569598818306,0,0,0
868.18,Bob,GL1012,1,0,1,0,0,0,0,normal,2025-12-01,E000131,2,8,8,6,0,0,0.017769783317029733,1,0,0
366.6,Charlie,GL1007,0,0,1,0,0,0,0,normal,2024-10-02,E000132,1,12,3,6,0,0,0.023434977209803698,0,0,0
998.57,Alice,GL1004,0,0,2,0,0,3,1,threshold_avoidance,2024-07-02,E000133,5,1,9,9,0,1,0.01940541670749528,0,0,0
1447.29,Alice,GL1005,0,0,1,0,0,0,0,normal,2024-01-18,E000134,5,0,1,4,0,0,0.032859569598818306,0,0,0
5874.48,Bob,GL1019,0,0,1,0,0,0,0,normal,2024-12-15,E000135,2,14,5,8,0,0,0.023575646182951618,0,0,0
449.5,David,GL1019,0,0,1,0,0,0,0,normal,2025-12-08,E000136,0,14,4,4,0,0,0.013365676215001218,0,0,0
1401.35,Alice,GL1005,0,1,1,0,0,0,0,normal,2025-10-14,E000137,5,0,1,4,0,0,0.032859569598818306,1,0,0
776.47,David,GL1012,0,0,1,0,0,0,0,normal,2025-10-23,E000138,0,8,7,7,0,0,0.002158428962162888,0,0,0
207.09,David,GL1001,0,0,1,0,0,0,0,normal,2025-12-08,E000139,0,7,2,0,0,0,0.00942459238901458,0,0,0
201.59,Bob,GL1005,0,0,1,0,0,0,0,normal,2024-10-14,E000140,2,0,2,0,0,0,0.00942459238901458,0,0,0
444.21,David,GL1000,0,0,3,0,0,0,0,normal,2025-10-02,E000141,0,18,4,4,0,0,0.013365676215001218,0,0,0
1121.81,Fred,GL1019,0,0,1,0,0,0,0,normal,2024-06-19,E000142,4,14,1,1,0,0,0.032859569598818306,0,0,0
578.79,Alice,GL1015,0,1,1,0,0,0,0,normal,2024-08-24,E000143,5,11,5,7,0,0,0.023575646182951618,1,0,0
500.39,David,GL1010,0,0,1,0,0,0,0,normal,2024-06-27,E000144,0,15,5,0,0,0,0.023575646182951618,0,0,0
243.31,Alice,GL1010,0,0,1,1,0,0,0,normal,2024-02-26,E000145,5,15,2,4,0,0,0.00942459238901458,0,0,0
2141.59,David,GL1006,2,0,1,0,0,0,0,normal,2025-06-06,E000146,0,17,2,1,0,0,0.00942459238901458,1,0,0
161.61,Bob,GL1012,0,0,1,0,0,0,0,normal,2024-05-27,E000147,2,8,1,6,0,0,0.032859569598818306,0,0,0
3508.85,Charlie,GL1013,0,0,1,0,0,0,0,normal,2024-07-10,E000148,1,16,3,5,0,0,0.023434977209803698,0,0,0
1868.76,Bob,GL1011,0,0,1,0,0,0,0,normal,2025-08-08,E000149,2,13,1,8,0,0,0.032859569598818306,0,0,0
1066.41,Bob,GL1009,0,0,1,0,0,0,0,normal,2025-04-15,E000150,2,9,1,0,0,0,0.032859569598818306,0,0,0
1306.89,Alice,GL1011,2,0,1,0,0,0,0,normal,2024-08-07,E000151,5,13,1,3,0,0,0.032859569598818306,1,0,0
3385.091134831879,David,GL1017,0,0,1,1,1,5,1,cash_with_pattern,2024-10-09,E000152,0,10,3,3,0,0,0.023434977209803698,0,0,0
2010.8521111595949,Alice,GL1000,0,0,1,1,0,6,1,reversal_pattern,2025-01-11,E000153,5,18,2,0,0,0,0.00942459238901458,0,1,0
2881.43,Fred,GL1003,0,0,1,0,0,0,0,normal,2024-06-14,E000154,4,5,2,8,0,0,0.00942459238901458,0,0,0
2835.59,Alice,GL1011,0,0,1,0,0,0,0,normal,2024-09-27,E000155,5,13,2,8,0,0,0.00942459238901458,0,0,0
50060.0,David,GL1000,0,0,1,0,0,2,1,benford_violation,2024-10-16,E000156,0,18,5,0,0,0,0.023575646182951618,0,0,0
3661.8044580631713,Alice,GL1001,0,0,3,1,1,5,1,cash_with_pattern,2024-05-20,E000157,5,7,3,6,0,0,0.023434977209803698,0,0,0
615.55,Charlie,GL1018,0,0,1,0,0,0,0,normal,2025-02-18,E000158,1,6,6,1,0,0,0.010555812187004202,0,0,0
415.53,Alice,GL1011,0,0,1,0,0,0,0,normal,2025-09-02,E000159,5,13,4,1,0,0,0.013365676215001218,0,0,0
1016.77,Charlie,GL1002,0,0,1,0,0,0,0,normal,2024-03-04,E000160,1,3,1,0,0,0,0.032859569598818306,0,0,0
209.69,Alice,GL1001,0,0,2,0,0,0,0,normal,2024-11-02,E000161,5,7,2,0,0,0,0.00942459238901458,0,0,0
417.19,Bob,GL1016,0,0,1,0,0,0,0,normal,2025-06-11,E000162,2,20,4,1,0,0,0.013365676215001218,0,0,0
709.69,Max,GL1012,0,1,1,0,0,0,0,normal,2024-03-10,E000163,3,8,7,0,0,0,0.002158428962162888,1,0,0
1251.07,Alice,GL1000,0,0,1,0,0,0,0,normal,2024-02-27,E000164,5,18,1,2,0,0,0.032859569598818306,0,0,0
503.5,Fred,GL1004,1,0,1,0,0,0,0,normal,2025-01-15,E000165,4,1,5,0,0,0,0.023575646182951618,1,0,0
1736.08,Max,GL1003,0,0,1,0,0,0,0,normal,2024-11-30,E000166,3,5,1,7,0,0,0.032859569598818306,0,0,0
926.6,Alice,GL1019,0,0,1,0,0,0,0,normal,2024-09-12,E000167,5,14,9,2,0,0,0.01940541670749528,0,0,0
157.27,Bob,GL1015,0,0,1,0,0,0,0,normal,2025-07-10,E000168,2,11,1,5,0,0,0.032859569598818306,0,0,0
560.98,Charlie,GL1018,2,0,2,0,0,0,0,normal,2025-10-30,E000169,1,6,5,6,0,0,0.023575646182951618,1,0,0
3162.38,Bob,GL1004,2,0,1,0,0,0,0,normal,2024-10-13,E000170,2,1,3,1,0,0,0.023434977209803698,1,0,0
276.34,Alice,GL1016,0,0,1,0,0,0,0,normal,2024-05-06,E000171,5,20,2,7,0,0,0.00942459238901458,0,0,0
544.57,Charlie,GL1009,0,0,1,0,0,0,0,normal,2025-10-10,E000172,1,9,5,4,0,0,0.023575646182951618,0,0,0
2161.58,David,GL1004,0,0,1,0,1,0,0,normal,2025-07-18,E000173,0,1,2,1,0,0,0.00942459238901458,0,0,0
430.2,Alice,GL1008,0,0,1,0,0,0,0,normal,2024-10-03,E000174,5,4,4,3,0,0,0.013365676215001218,0,0,0
780.28,Bob,GL1009,1,0,1,0,0,0,0,normal,2025-03-11,E000175,2,9,7,8,0,0,0.002158428962162888,1,0,0
374.28,Charlie,GL1005,0,0,1,0,0,0,0,normal,2024-05-30,E000176,1,0,3,7,0,0,0.023434977209803698,0,0,0
854.34,Charlie,GL1013,0,0,1,0,0,0,0,normal,2025-02-21,E000177,1,16,8,5,0,0,0.017769783317029733,0,0,0
447.38,David,GL1016,2,0,1,0,0,4,0,normal,2024-06-11,E000178,0,20,4,4,0,0,0.013365676215001218,1,0,0
510.61,Bob,GL1009,0,0,1,0,0,0,0,normal,2024-07-13,E000179,2,9,5,1,0,0,0.023575646182951618,0,0,0
1247.97,Alice,GL1010,0,0,1,0,0,0,0,normal,2025-05-30,E000180,5,15,1,2,0,0,0.032859569598818306,0,0,0
748.7,Bob,GL1001,0,0,1,0,0,0,0,normal,2025-05-09,E000181,2,7,7,4,0,0,0.002158428962162888,0,0,0
1186.77,Alice,GL1018,0,0,1,0,0,0,0,normal,2024-02-28,E000182,5,6,1,1,0,0,0.032859569598818306,0,0,0
1250.75,Max,GL1005,0,0,1,0,0,0,0,normal,2025-07-18,E000183,3,0,1,2,0,0,0.032859569598818306,0,0,0
2561.98,Fred,GL1012,0,0,1,0,0,0,0,normal,2024-09-23,E000184,4,8,2,5,0,0,0.00942459238901458,0,0,0
146.26,Charlie,GL1014,0,0,1,0,0,0,0,normal,2024-03-09,E000185,1,2,1,4,0,0,0.032859569598818306,0,0,0
2214.03,Bob,GL1017,0,0,1,0,0,0,0,normal,2025-09-04,E000186,2,10,2,2,0,0,0.00942459238901458,0,0,0
6597.16,Fred,GL1009,0,0,1,0,0,0,0,normal,2024-06-25,E000187,4,9,6,5,0,0,0.010555812187004202,0,0,0
1019.66,Charlie,GL1012,0,0,1,0,0,0,0,normal,2024-12-26,E000188,1,8,1,0,0,0,0.032859569598818306,0,0,0
378.1,Bob,GL1013,0,0,1,0,0,0,0,normal,2024-09-12,E000189,2,16,3,7,0,0,0.023434977209803698,0,0,0
921.25,Bob,GL1006,0,0,1,0,0,2,0,normal,2024-07-09,E000190,2,17,9,2,0,0,0.01940541670749528,0,0,0
411.37,David,GL1018,0,0,1,0,0,0,0,normal,2025-08-01,E000191,0,6,4,1,0,0,0.013365676215001218,0,0,0
3474.56,Max,GL1014,0,0,1,0,0,0,0,normal,2025-08-01,E000192,3,2,3,4,0,0,0.023434977209803698,0,0,0
230.68,Bob,GL1002,0,0,1,0,0,1,0,normal,2025-08-12,E000193,2,3,2,3,0,0,0.00942459238901458,0,0,0
787.75,Fred,GL1006,0,0,1,0,0,0,0,normal,2025-11-22,E000194,4,17,7,8,0,0,0.002158428962162888,0,0,0
1210.57,David,GL1018,0,0,3,0,0,0,0,normal,2024-11-01,E000195,0,6,1,2,0,0,0.032859569598818306,0,0,0
771.2,Alice,GL1008,0,0,2,0,0,0,0,normal,2025-09-30,E000196,5,4,7,7,0,0,0.002158428962162888,0,0,0
810.33,Fred,GL1018,0,0,1,0,0,0,0,normal,2024-12-26,E000197,4,6,8,1,0,0,0.017769783317029733,0,0,0
1928.6878423980822,Max,GL1100,0,1,1,1,1,5,1,novel_user_account,2025-02-22,E000198,3,19,1,9,0,0,0.032859569598818306,1,0,0
615.0,Bob,GL1003,1,1,1,0,0,0,0,normal,2025-12-13,E000199,2,5,6,1,0,0,0.010555812187004202,1,0,0
530.18,Fred,GL1003,0,1,1,0,0,0,0,normal,2025-12-07,E000200,4,5,5,3,0,0,0.023575646182951618,1,0,0
424.38,Alice,GL1003,0,0,1,0,0,0,0,normal,2024-09-26,E000201,5,5,4,2,0,0,0.013365676215001218,0,0,0
559.94,Charlie,GL1015,0,0,1,0,0,0,0,normal,2024-08-15,E000202,1,11,5,5,0,0,0.023575646182951618,0,0,0
357.98,Charlie,GL1006,0,0,1,1,0,0,0,normal,2024-09-12,E000203,1,17,3,5,0,0,0.023434977209803698,0,0,0
192.67,Alice,GL1000,0,0,1,0,0,0,0,normal,2025-04-27,E000204,5,18,1,9,0,0,0.032859569598818306,0,0,0
738.79,Alice,GL1003,0,1,1,0,0,0,0,normal,2025-11-07,E000205,5,5,7,3,0,0,0.002158428962162888,1,0,0
211.01,David,GL1011,0,0,1,0,0,0,0,normal,2025-06-25,E000206,0,13,2,1,0,0,0.00942459238901458,0,0,0
453.82,Alice,GL1006,0,1,1,0,0,0,0,normal,2025-10-25,E000207,5,17,4,5,0,0,0.013365676215001218,1,0,0
820.23,Alice,GL1010,0,1,1,0,0,0,0,normal,2025-06-05,E000208,5,15,8,2,0,0,0.017769783317029733,1,0,0
488.57,David,GL1012,0,0,2,0,0,0,0,normal,2024-06-20,E000209,0,8,4,8,0,0,0.013365676215001218,0,0,0
24998.62,Fred,GL1012,0,0,1,0,0,3,1,threshold_avoidance,2025-08-04,E000210,4,8,2,4,0,1,0.00942459238901458,0,0,0
266.66,Bob,GL1009,1,0,1,0,0,0,0,normal,2025-03-09,E000211,2,9,2,6,0,0,0.00942459238901458,1,0,0
479.74,Alice,GL1003,0,0,1,0,0,0,0,normal,2024-04-07,E000212,5,5,4,7,0,0,0.013365676215001218,0,0,0
295.12,Bob,GL1012,0,0,1,0,0,0,0,normal,2024-03-30,E000213,2,8,2,9,0,0,0.00942459238901458,0,0,0
1414.65,Bob,GL1016,0,0,1,0,0,0,0,normal,2024-12-16,E000214,2,20,1,4,0,0,0.032859569598818306,0,0,0
964.35,Alice,GL1011,0,0,1,0,0,0,0,normal,2024-10-01,E000215,5,13,9,6,0,0,0.01940541670749528,0,0,0
1813.72,Bob,GL1009,0,0,1,0,0,0,0,normal,2025-10-12,E000216,2,9,1,8,0,0,0.032859569598818306,0,0,0
2478.23,Charlie,GL1016,0,0,1,0,0,0,0,normal,2025-09-17,E000217,1,20,2,4,0,0,0.00942459238901458,0,0,0
413.02,Bob,GL1010,0,0,1,0,0,0,0,normal,2024-03-12,E000218,2,15,4,1,0,0,0.013365676215001218,0,0,0
50052.0,Max,GL1014,0,0,1,0,0,2,1,benford_violation,2025-11-01,E000219,3,2,5,0,0,0,0.023575646182951618,0,0,0
238.38,Bob,GL1008,2,0,1,0,0,0,0,normal,2024-01-03,E000220,2,4,2,3,0,0,0.00942459238901458,1,0,0
881.97,Alice,GL1009,0,0,2,0,0,0,0,normal,2024-01-29,E000221,5,9,8,8,0,0,0.017769783317029733,0,0,0
295.25,David,GL1011,0,1,1,0,0,0,0,normal,2025-09-13,E000222,0,13,2,9,0,0,0.00942459238901458,1,0,0
987.5,Bob,GL1016,2,0,1,0,0,0,0,normal,2024-09-11,E000223,2,20,9,8,0,0,0.01940541670749528,1,0,0
965.81,Bob,GL1015,0,0,1,1,0,0,0,normal,2024-08-20,E000224,2,11,9,6,0,0,0.01940541670749528,0,0,0
785.87,Alice,GL1010,0,0,1,0,0,0,0,normal,2024-09-27,E000225,5,15,7,8,0,0,0.002158428962162888,0,0,0
746.25,Charlie,GL1007,0,0,1,0,0,0,0,normal,2025-11-17,E000226,1,12,7,4,0,0,0.002158428962162888,0,0,0
857.76,Charlie,GL1014,0,0,1,0,1,0,0,normal,2025-07-06,E000227,1,2,8,5,0,0,0.017769783317029733,0,0,0
10000.0,Charlie,GL1008,0,0,1,1,0,2,1,round_number,2024-07-07,E000228,1,4,1,0,1,0,0.032859569598818306,0,0,0
1040.49,Charlie,GL1016,0,0,1,0,0,0,0,normal,2025-12-23,E000229,1,20,1,0,0,0,0.032859569598818306,0,0,0
298.89,Fred,GL1015,0,0,1,0,0,0,0,normal,2024-04-22,E000230,4,11,2,9,0,0,0.00942459238901458,0,0,0
893.54,Max,GL1005,0,0,1,0,0,0,0,normal,2024-08-19,E000231,3,0,8,9,0,0,0.017769783317029733,0,0,0
457.68,Fred,GL1002,0,0,1,0,0,0,0,normal,2025-10-08,E000232,4,3,4,5,0,0,0.013365676215001218,0,0,0
2500.74,Charlie,GL1004,0,0,1,0,0,0,0,normal,2024-07-13,E000233,1,1,2,5,0,0,0.00942459238901458,0,0,0
345.1,Alice,GL1017,0,0,1,0,0,0,0,normal,2025-07-09,E000234,5,10,3,4,0,0,0.023434977209803698,0,0,0
543.77,Bob,GL1012,0,0,1,0,0,0,0,normal,2024-01-22,E000235,2,8,5,4,0,0,0.023575646182951618,0,0,0
591.09,Bob,GL1016,0,0,1,0,0,0,0,normal,2025-06-14,E000236,2,20,5,9,0,0,0.023575646182951618,0,0,0
732.96,David,GL1015,0,0,1,0,0,5,0,normal,2024-07-19,E000237,0,11,7,3,0,0,0.002158428962162888,0,0,0
1178.07,Alice,GL1011,2,0,1,0,0,0,0,normal,2024-04-13,E000238,5,13,1,1,0,0,0.032859569598818306,1,0,0
5403.96,David,GL1007,0,0,1,0,0,0,0,normal,2024-12-25,E000239,0,12,5,4,0,0,0.023575646182951618,0,0,0
1063.21,Bob,GL1013,0,0,1,0,0,0,0,normal,2025-03-03,E000240,2,16,1,0,0,0,0.032859569598818306,0,0,0
2213.22,Bob,GL1002,0,0,2,0,0,0,0,normal,2025-11-18,E000241,2,3,2,2,0,0,0.00942459238901458,0,0,0
307.35,David,GL1017,2,1,1,0,0,4,1,weekend_latenight,2024-10-12,E000242,0,10,3,0,0,0,0.023434977209803698,1,0,0
1370.91,Fred,GL1004,0,0,1,0,0,0,0,normal,2025-06-14,E000243,4,1,1,3,0,0,0.032859569598818306,0,0,0
1084.46,Alice,GL1017,0,0,1,0,0,0,0,normal,2024-07-10,E000244,5,10,1,0,0,0,0.032859569598818306,0,0,0
1543.78,Bob,GL1008,0,0,1,0,0,0,0,normal,2024-03-03,E000245,2,4,1,5,0,0,0.032859569598818306,0,0,0
1416.97,David,GL1001,0,0,1,0,0,0,0,normal,2025-10-09,E000246,0,7,1,4,0,0,0.032859569598818306,0,0,0
2848.62,Alice,GL1002,1,0,1,0,0,0,0,normal,2025-04-12,E000247,5,3,2,8,0,0,0.00942459238901458,1,0,0
519.24,Bob,GL1004,0,0,1,0,0,0,0,normal,2025-06-30,E000248,2,1,5,1,0,0,0.023575646182951618,0,0,0
192.98,Bob,GL1017,0,0,1,0,0,0,0,normal,2024-03-10,E000249,2,10,1,9,0,0,0.032859569598818306,0,0,0
6890.55,Bob,GL1004,0,0,1,0,0,0,0,normal,2024-04-11,E000250,2,1,6,8,0,0,0.010555812187004202,0,0,0
411.53,David,GL1016,0,0,1,0,0,5,0,normal,2025-10-27,E000251,0,20,4,1,0,0,0.013365676215001218,0,0,0
3601.7,Alice,GL1004,0,0,1,0,0,0,0,normal,2025-07-02,E000252,5,1,3,6,0,0,0.023434977209803698,0,0,0
683.73,Charlie,GL1000,0,0,1,0,0,0,0,normal,2024-01-16,E000253,1,18,6,8,0,0,0.010555812187004202,0,0,0
150.42,Alice,GL1011,0,0,1,0,0,0,0,normal,2025-03-16,E000254,5,13,1,5,0,0,0.032859569598818306,0,0,0
354.59,Fred,GL1010,1,0,1,0,0,0,0,normal,2024-02-19,E000255,4,15,3,5,0,0,0.023434977209803698,1,0,0
452.37,Alice,GL1004,0,0,1,0,0,0,0,normal,2025-01-15,E000256,5,1,4,5,0,0,0.013365676215001218,0,0,0
-2010.8521111595949,Alice,GL1000,0,0,1,1,0,6,1,reversal_pattern,2024-01-03,E000257,5,18,2,0,0,0,0.00942459238901458,0,1,0
1425.0,David,GL1008,0,0,1,0,0,0,0,normal,2024-09-30,E000258,0,4,1,4,0,0,0.032859569598818306,0,0,0
821.36,David,GL1019,0,0,1,0,0,0,0,normal,2025-04-28,E000259,0,14,8,2,0,0,0.017769783317029733,0,0,0
1173.99,Charlie,GL1009,0,0,1,0,0,0,0,normal,2024-01-18,E000260,1,9,1,1,0,0,0.032859569598818306,0,0,0
1180.6,David,GL1004,1,0,1,0,0,0,0,normal,2024-10-04,E000261,0,1,1,1,0,0,0.032859569598818306,1,0,0
700.96,Charlie,GL1004,0,0,1,0,0,0,0,normal,2025-12-08,E000262,1,1,7,0,0,0,0.002158428962162888,0,0,0
75.83,Alice,GL1015,0,0,1,0,0,0,0,normal,2025-12-12,E000263,5,11,7,5,0,0,0.002158428962162888,0,0,0
1488.71,Max,GL1017,0,0,1,0,0,0,0,normal,2024-09-15,E000264,3,10,1,4,0,0,0.032859569598818306,0,0,0
685.06,Alice,GL1017,0,1,1,0,0,0,0,normal,2025-02-27,E000265,5,10,6,8,0,0,0.010555812187004202,1,0,0
435.12,Alice,GL1003,0,1,1,1,0,0,0,normal,2025-10-08,E000266,5,5,4,3,0,0,0.013365676215001218,1,0,0
1466.46,Max,GL1007,0,0,1,0,0,0,0,normal,2025-03-26,E000267,3,12,1,4,0,0,0.032859569598818306,0,0,0
1265.16,David,GL1013,0,0,1,0,0,0,0,normal,2025-08-30,E000268,0,16,1,2,0,0,0.032859569598818306,0,0,0
50000.0,Bob,GL1008,0,0,1,1,0,2,1,round_number,2024-02-27,E000269,2,4,5,0,1,0,0.023575646182951618,0,0,0
471.74,Max,GL1003,2,0,1,0,0,0,0,normal,2025-03-13,E000270,3,5,4,7,0,0,0.013365676215001218,1,0,0
492.06,Alice,GL1011,0,0,1,0,0,0,0,normal,2024-03-13,E000271,5,13,4,9,0,0,0.013365676215001218,0,0,0
159.08,Fred,GL1010,0,0,1,0,0,0,0,normal,2025-03-15,E000272,4,15,1,5,0,0,0.032859569598818306,0,0,0
763.04,Alice,GL1015,0,0,1,0,0,0,0,normal,2024-02-02,E000273,5,11,7,6,0,0,0.002158428962162888,0,0,0
493.57,Bob,GL1001,0,0,1,0,0,0,0,normal,2025-12-18,E000274,2,7,4,9,0,0,0.013365676215001218,0,0,0
459.51,Fred,GL1015,0,0,1,0,0,0,0,normal,2024-11-15,E000275,4,11,4,5,0,0,0.013365676215001218,0,0,0
1207.61,Charlie,GL1014,1,0,1,0,0,0,0,normal,2025-04-03,E000276,1,2,1,2,0,0,0.032859569598818306,1,0,0
2269.87,Alice,GL1000,0,0,1,0,0,0,0,normal,2024-08-10,E000277,5,18,2,2,0,0,0.00942459238901458,0,0,0
250.65,David,GL1007,0,0,1,0,0,0,0,normal,2024-01-26,E000278,0,12,2,5,0,0,0.00942459238901458,0,0,0
299.07,Bob,GL1015,0,0,1,0,0,2,0,normal,2025-04-16,E000279,2,11,2,9,0,0,0.00942459238901458,0,0,0
3802.86,Charlie,GL1014,0,0,1,0,0,0,0,normal,2024-05-27,E000280,1,2,3,8,0,0,0.023434977209803698,0,0,0
230.33,David,GL1012,1,0,1,0,0,0,0,normal,2025-01-11,E000281,0,8,2,3,0,0,0.00942459238901458,1,0,0
231.64,Charlie,GL1004,0,0,1,0,0,0,0,normal,2025-01-01,E000282,1,1,2,3,0,0,0.00942459238901458,0,0,0
2183.31,Bob,GL1011,0,0,1,0,0,0,0,normal,2024-02-10,E000283,2,13,2,1,0,0,0.00942459238901458,0,0,0
1000.81,Max,GL1009,1,0,1,0,0,6,0,normal,2025-10-23,E000284,3,9,1,0,0,0,0.032859569598818306,1,0,0
2755.03,Alice,GL1004,0,0,1,0,0,0,0,normal,2024-02-13,E000285,5,1,2,7,0,0,0.00942459238901458,0,0,0
882.42,Alice,GL1007,0,0,1,0,0,0,0,normal,2024-07-31,E000286,5,12,8,8,0,0,0.017769783317029733,0,0,0
256.55,Max,GL1005,2,0,1,0,0,0,0,normal,2025-07-18,E000287,3,0,2,5,0,0,0.00942459238901458,1,0,0
317.59,David,GL1005,0,1,1,0,0,0,0,normal,2024-09-07,E000288,0,0,3,1,0,0,0.023434977209803698,1,0,0
9086.64,Bob,GL1003,0,0,1,0,0,0,0,normal,2024-10-14,E000289,2,5,9,0,0,0,0.01940541670749528,0,0,0
1492.24,Fred,GL1016,0,0,1,0,0,0,0,normal,2024-04-13,E000290,4,20,1,4,0,0,0.032859569598818306,0,0,0
544.91,Charlie,GL1016,0,0,2,0,0,0,0,normal,2025-08-14,E000291,1,20,5,4,0,0,0.023575646182951618,0,0,0
756.11,Alice,GL1004,0,0,1,0,0,0,0,normal,2025-04-04,E000292,5,1,7,5,0,0,0.002158428962162888,0,0,0
849.91,Charlie,GL1008,0,0,1,0,0,0,0,normal,2025-03-10,E000293,1,4,8,4,0,0,0.017769783317029733,0,0,0
523.61,David,GL1009,0,0,1,0,0,0,0,normal,2024-05-18,E000294,0,9,5,2,0,0,0.023575646182951618,0,0,0
287.08,David,GL1018,0,1,1,0,0,0,0,normal,2025-11-26,E000295,0,6,2,8,0,0,0.00942459238901458,1,0,0
709.75,Bob,GL1000,0,0,2,0,0,0,0,normal,2025-04-11,E000296,2,18,7,0,0,0,0.002158428962162888,0,0,0
3148.29,Bob,GL1002,0,1,1,0,0,5,0,normal,2025-08-11,E000297,2,3,3,1,0,0,0.023434977209803698,1,0,0
454.42,Bob,GL1003,0,0,1,0,0,0,0,normal,2025-06-06,E000298,2,5,4,5,0,0,0.013365676215001218,0,0,0
81.43,Bob,GL1008,0,0,1,0,0,0,0,normal,2025-04-25,E000299,2,4,8,1,0,0,0.017769783317029733,0,0,0
994.14,Bob,GL1004,0,0,1,0,0,0,0,normal,2024-11-05,E000300,2,1,9,9,0,1,0.01940541670749528,0,0,0
839.16,Bob,GL1001,0,0,1,0,0,0,0,normal,2025-12-09,E000301,2,7,8,3,0,0,0.017769783317029733,0,0,0
1089.93,Bob,GL1007,0,0,1,0,1,0,0,normal,2024-02-01,E000302,2,12,1,0,0,0,0.032859569598818306,0,0,0
8460.250760488996,David,GL1010,0,0,3,1,1,3,1,cash_with_pattern,2025-04-04,E000303,0,15,8,4,0,0,0.017769783317029733,0,0,0
179.59,David,GL1001,0,0,1,0,0,0,0,normal,2025-05-22,E000304,0,7,1,7,0,0,0.032859569598818306,0,0,0
491.74,Fred,GL1012,0,0,1,0,0,0,0,normal,2024-08-25,E000305,4,8,4,9,0,0,0.013365676215001218,0,0,0
503.81,Alice,GL1002,0,1,1,0,0,0,0,normal,2024-09-27,E000306,5,3,5,0,0,0,0.023575646182951618,1,0,0
1339.45,Alice,GL1009,0,0,1,0,0,0,0,normal,2025-08-13,E000307,5,9,1,3,0,0,0.032859569598818306,0,0,0
128.02,David,GL1013,0,0,1,0,0,0,0,normal,2025-03-27,E000308,0,16,1,2,0,0,0.032859569598818306,0,0,0
819.71,Max,GL1015,0,0,1,0,0,0,0,normal,2024-03-30,E000309,3,11,8,1,0,0,0.017769783317029733,0,0,0
365.42,Charlie,GL1014,1,0,1,0,0,0,0,normal,2024-12-23,E000310,1,2,3,6,0,0,0.023434977209803698,1,0,0
940.54,David,GL1018,0,0,1,0,0,6,0,normal,2025-06-10,E000311,0,6,9,4,0,0,0.01940541670749528,0,0,0
262.02,Bob,GL1006,0,0,1,0,0,0,0,normal,2025-10-12,E000312,2,17,2,6,0,0,0.00942459238901458,0,0,0
993.95,Bob,GL1008,0,0,1,0,0,0,0,normal,2025-07-31,E000313,2,4,9,9,0,1,0.01940541670749528,0,0,0
361.25,Alice,GL1012,0,0,1,0,0,0,0,normal,2025-12-18,E000314,5,8,3,6,0,0,0.023434977209803698,0,0,0
597.78,Bob,GL1014,0,0,1,0,0,0,0,normal,2024-09-06,E000315,2,2,5,9,0,0,0.023575646182951618,0,0,0
480.3,Alice,GL1001,0,0,1,0,0,0,0,normal,2025-12-07,E000316,5,7,4,8,0,0,0.013365676215001218,0,0,0
327.7,Fred,GL1015,1,0,1,0,0,0,0,normal,2025-11-15,E000317,4,11,3,2,0,0,0.023434977209803698,1,0,0
768.16,Bob,GL1003,0,0,1,0,0,0,0,normal,2024-03-30,E000318,2,5,7,6,0,0,0.002158428962162888,0,0,0
633.7891920568254,Max,GL1102,1,0,1,1,1,5,1,novel_user_account,2024-11-27,E000319,3,21,6,3,0,0,0.010555812187004202,1,0,0
711.1,Charlie,GL1004,1,1,2,1,1,4,1,weekend_latenight,2025-01-19,E000320,1,1,7,1,0,0,0.002158428962162888,1,0,0
474.12,Charlie,GL1009,0,0,1,0,0,0,0,normal,2024-01-07,E000321,1,9,4,7,0,0,0.013365676215001218,0,0,0
281.38,David,GL1007,1,1,1,1,0,4,1,weekend_latenight,2025-06-20,E000322,0,12,2,8,0,0,0.00942459238901458,1,0,0
566.06,Fred,GL1017,0,0,1,0,0,0,0,normal,2024-11-06,E000323,4,10,5,6,0,0,0.023575646182951618,0,0,0
306.94,Fred,GL1014,0,1,1,0,0,0,0,normal,2024-01-03,E000324,4,2,3,0,0,0,0.023434977209803698,1,0,0
1550.77,Charlie,GL1008,2,0,1,0,0,0,0,normal,2024-10-27,E000325,1,4,1,5,0,0,0.032859569598818306,1,0,0
222.54,Bob,GL1017,0,0,1,0,0,0,0,normal,2025-03-26,E000326,2,10,2,2,0,0,0.00942459238901458,0,0,0
983.67,Max,GL1008,0,0,2,0,0,0,0,normal,2025-07-11,E000327,3,4,9,8,0,0,0.01940541670749528,0,0,0
76.03,Bob,GL1015,0,0,1,0,0,0,0,normal,2025-04-17,E000328,2,11,7,6,0,0,0.002158428962162888,0,0,0
176.06,David,GL1009,0,0,1,0,0,0,0,normal,2025-04-09,E000329,0,9,1,7,0,0,0.032859569598818306,0,0,0
1881.42,Alice,GL1001,0,0,1,0,0,0,0,normal,2025-02-25,E000330,5,7,1,8,0,0,0.032859569598818306,0,0,0
668.95,Bob,GL1015,0,0,1,0,0,0,0,normal,2024-08-28,E000331,2,11,6,6,0,0,0.010555812187004202,0,0,0
2197.15,Alice,GL1015,0,0,1,0,0,0,0,normal,2024-01-25,E000332,5,11,2,1,0,0,0.00942459238901458,0,0,0
1120.58,Alice,GL1018,0,0,1,0,0,0,0,normal,2025-05-15,E000333,5,6,1,1,0,0,0.032859569598818306,0,0,0
4997.14,Bob,GL1017,0,0,2,0,0,3,1,threshold_avoidance,2025-07-18,E000334,2,10,4,9,0,1,0.013365676215001218,0,0,0
3424.06,Alice,GL1007,0,0,1,0,0,0,0,normal,2024-02-10,E000335,5,12,3,4,0,0,0.023434977209803698,0,0,0
310.72,Charlie,GL1018,0,0,1,0,0,0,0,normal,2024-09-04,E000336,1,6,3,1,0,0,0.023434977209803698,0,0,0
308.67,Fred,GL1014,0,0,1,0,0,0,0,normal,2024-07-13,E000337,4,2,3,0,0,0,0.023434977209803698,0,0,0
231.73,Alice,GL1007,0,0,1,0,0,0,0,normal,2024-08-30,E000338,5,12,2,3,0,0,0.00942459238901458,0,0,0
1998.77,David,GL1002,0,0,1,0,0,0,0,normal,2025-12-23,E000339,0,3,1,9,0,0,0.032859569598818306,0,0,0
827.37,Alice,GL1015,0,0,1,0,0,0,0,normal,2024-10-11,E000340,5,11,8,2,0,0,0.017769783317029733,0,0,0
268.36,Alice,GL1010,0,0,1,0,0,0,0,normal,2025-03-20,E000341,5,15,2,6,0,0,0.00942459238901458,0,0,0
440.12,Bob,GL1003,0,0,1,0,0,0,0,normal,2024-06-26,E000342,2,5,4,4,0,0,0.013365676215001218,0,0,0
2840.853116709639,Max,GL1102,0,1,1,1,0,5,1,novel_user_account,2025-09-02,E000343,3,21,2,8,0,0,0.00942459238901458,1,0,0
459.22,Alice,GL1009,0,0,1,0,0,0,0,normal,2024-03-19,E000344,5,9,4,5,0,0,0.013365676215001218,0,0,0
84.59,Alice,GL1010,2,0,1,0,0,2,0,normal,2024-03-03,E000345,5,15,8,4,0,0,0.017769783317029733,1,0,0
66.14,Max,GL1000,0,0,1,0,0,0,0,normal,2025-10-11,E000346,3,18,6,6,0,0,0.010555812187004202,0,0,0
1187.43,Alice,GL1016,0,0,1,0,0,0,0,normal,2025-06-24,E000347,5,20,1,1,0,0,0.032859569598818306,0,0,0
574.56,Alice,GL1004,2,0,1,0,0,0,0,normal,2025-08-04,E000348,5,1,5,7,0,0,0.023575646182951618,1,0,0
619.09,Charlie,GL1006,0,0,1,0,0,0,0,normal,2025-10-06,E000349,1,17,6,1,0,0,0.010555812187004202,0,0,0
285.14,Alice,GL1001,0,0,1,1,0,0,0,normal,2024-02-15,E000350,5,7,2,8,0,0,0.00942459238901458,0,0,0
1635.73,Charlie,GL1012,0,0,1,0,0,0,0,normal,2025-01-05,E000351,1,8,1,6,0,0,0.032859569598818306,0,0,0
529.51,Bob,GL1006,0,0,3,0,0,3,0,normal,2025-05-28,E000352,2,17,5,2,0,0,0.023575646182951618,0,0,0
244.84,Charlie,GL1003,0,0,1,0,0,0,0,normal,2024-08-01,E000353,1,5,2,4,0,0,0.00942459238901458,0,0,0
978.36,Charlie,GL1001,0,0,1,0,0,0,0,normal,2024-11-13,E000354,1,7,9,7,0,0,0.01940541670749528,0,0,0
279.42,Bob,GL1004,0,1,1,0,0,2,0,normal,2024-10-16,E000355,2,1,2,7,0,0,0.00942459238901458,1,0,0
1318.33,David,GL1016,0,0,1,0,0,0,0,normal,2024-03-16,E000356,0,20,1,3,0,0,0.032859569598818306,0,0,0
429.37,Charlie,GL1019,0,0,1,0,0,0,0,normal,2024-02-12,E000357,1,14,4,2,0,0,0.013365676215001218,0,0,0
1238.23,David,GL1008,1,0,1,0,1,0,0,normal,2025-05-03,E000358,0,4,1,2,0,0,0.032859569598818306,1,0,0
4312.54,Alice,GL1000,0,0,1,0,0,0,0,normal,2025-12-24,E000359,5,18,4,3,0,0,0.013365676215001218,0,0,0
87.65,Bob,GL1008,0,0,1,0,0,0,0,normal,2024-05-08,E000360,2,4,8,7,0,0,0.017769783317029733,0,0,0
244.41,Charlie,GL1015,2,0,2,0,0,0,0,normal,2025-10-26,E000361,1,11,2,4,0,0,0.00942459238901458,1,0,0
1439.68,David,GL1004,0,0,1,0,0,0,0,normal,2024-05-06,E000362,0,1,1,4,0,0,0.032859569598818306,0,0,0
1355.23,Bob,GL1013,0,0,1,0,0,0,0,normal,2024-08-21,E000363,2,16,1,3,0,0,0.032859569598818306,0,0,0
194.15,Fred,GL1013,0,0,1,0,0,0,0,normal,2024-11-09,E000364,4,16,1,9,0,0,0.032859569598818306,0,0,0
884.34,Bob,GL1018,0,0,1,0,0,0,0,normal,2024-01-13,E000365,2,6,8,8,0,0,0.017769783317029733,0,0,0
96.3,Alice,GL1004,0,0,1,0,0,0,0,normal,2024-06-02,E000366,5,1,9,6,0,0,0.01940541670749528,0,0,0
1025.23,Alice,GL1014,0,0,1,0,0,0,0,normal,2024-07-01,E000367,5,2,1,0,0,0,0.032859569598818306,0,0,0
572.36,Charlie,GL1011,0,0,1,1,0,0,0,normal,2025-06-07,E000368,1,13,5,7,0,0,0.023575646182951618,0,0,0
678.35,Bob,GL1019,0,0,1,0,0,0,0,normal,2024-11-13,E000369,2,14,6,7,0,0,0.010555812187004202,0,0,0
917.07,Max,GL1015,0,0,1,0,0,0,0,normal,2025-10-12,E000370,3,11,9,1,0,0,0.01940541670749528,0,0,0
1980.82,Bob,GL1019,0,0,1,0,0,0,0,normal,2025-12-02,E000371,2,14,1,9,0,0,0.032859569598818306,0,0,0
605.99,Charlie,GL1005,0,0,2,0,0,0,0,normal,2024-06-26,E000372,1,0,6,0,0,0,0.010555812187004202,0,0,0
255.65,Charlie,GL1017,0,0,1,0,0,0,0,normal,2024-12-03,E000373,1,10,2,5,0,0,0.00942459238901458,0,0,0
875.02,Alice,GL1014,0,0,1,0,0,0,0,normal,2025-06-11,E000374,5,2,8,7,0,0,0.017769783317029733,0,0,0
5029.0,Charlie,GL1008,1,0,1,0,1,2,1,benford_violation,2025-01-20,E000375,1,4,5,0,0,0,0.023575646182951618,1,0,0
2094.36,Alice,GL1006,0,0,1,0,0,0,0,normal,2025-11-04,E000376,5,17,2,0,0,0,0.00942459238901458,0,0,0
291.88,Charlie,GL1004,0,0,1,0,0,0,0,normal,2025-05-01,E000377,1,1,2,9,0,0,0.00942459238901458,0,0,0
440.18,Charlie,GL1017,0,1,1,0,0,0,0,normal,2024-10-31,E000378,1,10,4,4,0,0,0.013365676215001218,1,0,0
1943.08,Alice,GL1019,0,0,1,0,0,0,0,normal,2024-12-16,E000379,5,14,1,9,0,0,0.032859569598818306,0,0,0
1016.4,Fred,GL1016,1,0,1,0,0,0,0,normal,2025-01-11,E000380,4,20,1,0,0,0,0.032859569598818306,1,0,0
820.09,Fred,GL1012,0,0,1,0,0,0,0,normal,2024-12-17,E000381,4,8,8,2,0,0,0.017769783317029733,0,0,0
308.61,Fred,GL1013,0,0,1,0,0,0,0,normal,2024-02-22,E000382,4,16,3,0,0,0,0.023434977209803698,0,0,0
4995.84,Charlie,GL1011,0,0,1,0,0,3,1,threshold_avoidance,2025-07-11,E000383,1,13,4,9,0,1,0.013365676215001218,0,0,0
722.64,Bob,GL1012,2,0,1,0,0,0,0,normal,2024-09-28,E000384,2,8,7,2,0,0,0.002158428962162888,1,0,0
1533.74,Charlie,GL1018,0,0,1,0,0,0,0,normal,2024-03-29,E000385,1,6,1,5,0,0,0.032859569598818306,0,0,0
2740.84,Alice,GL1019,0,0,1,0,0,0,0,normal,2024-01-21,E000386,5,14,2,7,0,0,0.00942459238901458,0,0,0
1620.72,Max,GL1015,0,0,1,0,0,0,0,normal,2024-02-09,E000387,3,11,1,6,0,0,0.032859569598818306,0,0,0
1097.6,Alice,GL1008,0,0,1,0,0,0,0,normal,2025-03-30,E000388,5,4,1,0,0,0,0.032859569598818306,0,0,0
320.01,David,GL1019,0,0,1,0,0,0,0,normal,2025-08-09,E000389,0,14,3,2,0,0,0.023434977209803698,0,0,0
25000.0,Charlie,GL1017,0,0,1,1,0,2,1,round_number,2024-02-12,E000390,1,10,2,5,1,0,0.00942459238901458,0,0,0
561.77,Charlie,GL1010,0,0,1,0,0,0,0,normal,2025-12-05,E000391,1,15,5,6,0,0,0.023575646182951618,0,0,0
289.86,Alice,GL1006,0,0,1,0,0,0,0,normal,2025-09-27,E000392,5,17,2,8,0,0,0.00942459238901458,0,0,0
4014.09,David,GL1018,0,0,1,0,0,0,0,normal,2025-08-13,E000393,0,6,4,0,0,0,0.013365676215001218,0,0,0
1422.18,Bob,GL1010,0,0,1,0,0,0,0,normal,2024-04-25,E000394,2,15,1,4,0,0,0.032859569598818306,0,0,0
697.74,Bob,GL1013,0,0,1,0,0,0,0,normal,2024-03-23,E000395,2,16,6,9,0,0,0.010555812187004202,0,0,0
369.58,Max,GL1016,0,1,1,1,0,0,0,normal,2025-03-15,E000396,3,20,3,6,0,0,0.023434977209803698,1,0,0
2143.17,Fred,GL1008,0,0,1,0,0,0,0,normal,2025-08-21,E000397,4,4,2,1,0,0,0.00942459238901458,0,0,0
1919.21,Charlie,GL1008,0,0,1,0,0,0,0,normal,2024-01-29,E000398,1,4,1,9,0,0,0.032859569598818306,0,0,0
910.41,Charlie,GL1017,0,0,1,0,0,0,0,normal,2025-05-27,E000399,1,10,9,1,0,0,0.01940541670749528,0,0,0
1457.22,Max,GL1016,0,0,1,1,0,0,0,normal,2024-08-26,E000400,3,20,1,4,0,0,0.032859569598818306,0,0,0
2510.79,Alice,GL1014,0,0,1,0,0,0,0,normal,2025-09-09,E000401,5,2,2,5,0,0,0.00942459238901458,0,0,0
2199.67,Bob,GL1010,0,0,1,0,0,0,0,normal,2024-10-24,E000402,2,15,2,1,0,0,0.00942459238901458,0,0,0
559.92,Charlie,GL1001,0,0,1,0,0,0,0,normal,2024-01-20,E000403,1,7,5,5,0,0,0.023575646182951618,0,0,0
523.35,Bob,GL1012,0,0,1,0,0,0,0,normal,2024-03-12,E000404,2,8,5,2,0,0,0.023575646182951618,0,0,0
297.3,Bob,GL1005,1,0,1,0,0,0,0,normal,2024-08-15,E000405,2,0,2,9,0,0,0.00942459238901458,1,0,0
50035.0,Alice,GL1019,0,0,1,0,1,2,1,benford_violation,2025-06-08,E000406,5,14,5,0,0,0,0.023575646182951618,0,0,0
1347.98,Alice,GL1012,0,0,1,0,0,0,0,normal,2025-12-18,E000407,5,8,1,3,0,0,0.032859569598818306,0,0,0
490.23,Bob,GL1015,2,0,1,0,0,0,0,normal,2024-05-20,E000408,2,11,4,9,0,0,0.013365676215001218,1,0,0
1589.94,Alice,GL1002,0,0,1,0,0,0,0,normal,2025-04-03,E000409,5,3,1,5,0,0,0.032859569598818306,0,0,0
134.63,Charlie,GL1012,0,0,1,0,0,0,0,normal,2025-07-01,E000410,1,8,1,3,0,0,0.032859569598818306,0,0,0
977.6,Alice,GL1004,1,1,1,0,0,0,0,normal,2024-10-19,E000411,5,1,9,7,0,0,0.01940541670749528,1,0,0
473.26,Fred,GL1014,0,0,1,0,0,0,0,normal,2025-06-08,E000412,4,2,4,7,0,0,0.013365676215001218,0,0,0
238.0,Alice,GL1004,0,0,1,0,0,0,0,normal,2024-10-24,E000413,5,1,2,3,0,0,0.00942459238901458,0,0,0
162.86,Charlie,GL1012,0,0,1,0,0,0,0,normal,2025-09-08,E000414,1,8,1,6,0,0,0.032859569598818306,0,0,0
253.43,Alice,GL1013,0,0,1,0,0,0,0,normal,2025-06-28,E000415,5,16,2,5,0,0,0.00942459238901458,0,0,0
766.86,Max,GL1016,0,0,1,0,0,0,0,normal,2024-07-19,E000416,3,20,7,6,0,0,0.002158428962162888,0,0,0
860.27,Alice,GL1001,0,0,1,0,0,0,0,normal,2024-11-30,E000417,5,7,8,6,0,0,0.017769783317029733,0,0,0
629.43,Fred,GL1000,0,0,1,0,0,0,0,normal,2024-09-19,E000418,4,18,6,2,0,0,0.010555812187004202,0,0,0
947.23,Alice,GL1006,0,0,2,0,0,0,0,normal,2025-06-27,E000419,5,17,9,4,0,0,0.01940541670749528,0,0,0
983.77,Charlie,GL1011,0,0,1,0,0,0,0,normal,2025-04-18,E000420,1,13,9,8,0,0,0.01940541670749528,0,0,0
730.05,David,GL1019,2,1,2,1,0,4,1,weekend_latenight,2025-01-13,E000421,0,14,7,3,0,0,0.002158428962162888,1,0,0
766.12,Max,GL1015,0,0,1,0,0,0,0,normal,2024-12-13,E000422,3,11,7,6,0,0,0.002158428962162888,0,0,0
1410.36,Bob,GL1010,0,0,1,0,0,0,0,normal,2025-12-28,E000423,2,15,1,4,0,0,0.032859569598818306,0,0,0
502.99,Bob,GL1001,0,0,1,0,0,0,0,normal,2025-11-30,E000424,2,7,5,0,0,0,0.023575646182951618,0,0,0
328.92,Charlie,GL1015,0,0,1,0,0,0,0,normal,2025-02-24,E000425,1,11,3,2,0,0,0.023434977209803698,0,0,0
2649.64,Alice,GL1016,0,0,1,0,0,1,0,normal,2025-01-23,E000426,5,20,2,6,0,0,0.00942459238901458,0,0,0
316.21,Charlie,GL1012,2,0,1,0,0,0,0,normal,2025-11-29,E000427,1,8,3,1,0,0,0.023434977209803698,1,0,0
862.82,Fred,GL1015,0,0,2,0,0,0,0,normal,2025-04-20,E000428,4,11,8,6,0,0,0.017769783317029733,0,0,0
979.72,Charlie,GL1012,0,1,1,0,0,0,0,normal,2024-06-05,E000429,1,8,9,7,0,0,0.01940541670749528,1,0,0
752.0317345977168,Max,GL1102,0,0,1,1,0,5,1,novel_user_account,2024-01-01,E000430,3,21,7,5,0,0,0.002158428962162888,0,0,0
570.57,Alice,GL1014,0,0,1,0,0,0,0,normal,2024-08-27,E000431,5,2,5,7,0,0,0.023575646182951618,0,0,0
560.27,David,GL1015,0,0,1,0,0,0,0,normal,2024-10-08,E000432,0,11,5,6,0,0,0.023575646182951618,0,0,0
1383.52,Fred,GL1017,0,0,1,0,0,0,0,normal,2024-08-26,E000433,4,10,1,3,0,0,0.032859569598818306,0,0,0
1338.567747498732,Alice,GL1003,0,0,1,1,1,6,1,cash_with_pattern,2025-07-13,E000434,5,5,1,3,0,0,0.032859569598818306,0,0,0
97.63,Bob,GL1012,0,0,1,0,0,0,0,normal,2024-01-20,E000435,2,8,9,7,0,0,0.01940541670749528,0,0,0
672.02,Bob,GL1013,0,0,3,0,0,0,0,normal,2024-12-21,E000436,2,16,6,7,0,0,0.010555812187004202,0,0,0
272.98,Alice,GL1011,0,0,1,0,0,0,0,normal,2024-09-14,E000437,5,13,2,7,0,0,0.00942459238901458,0,0,0
352.76,Fred,GL1019,0,0,1,0,0,0,0,normal,2025-01-01,E000438,4,14,3,5,0,0,0.023434977209803698,0,0,0
403.51,Bob,GL1013,1,0,1,0,0,0,0,normal,2025-03-21,E000439,2,16,4,0,0,0,0.013365676215001218,1,0,0
1344.95,David,GL1008,0,0,1,0,0,0,0,normal,2025-01-20,E000440,0,4,1,3,0,0,0.032859569598818306,0,0,0
635.92,Bob,GL1003,0,0,1,0,0,0,0,normal,2024-01-10,E000441,2,5,6,3,0,0,0.010555812187004202,0,0,0
441.65,Fred,GL1012,0,0,1,0,0,0,0,normal,2024-08-06,E000442,4,8,4,4,0,0,0.013365676215001218,0,0,0
568.64,Charlie,GL1009,0,0,1,0,0,0,0,normal,2025-05-31,E000443,1,9,5,6,0,0,0.023575646182951618,0,0,0
3195.63,Charlie,GL1012,0,0,1,0,0,0,0,normal,2024-03-05,E000444,1,8,3,1,0,0,0.023434977209803698,0,0,0
83.17,Alice,GL1006,0,0,1,1,0,0,0,normal,2025-07-09,E000445,5,17,8,3,0,0,0.017769783317029733,0,0,0
15888.61914763475,David,GL1010,0,1,1,1,1,4,1,cash_with_pattern,2025-03-12,E000446,0,15,1,5,0,0,0.032859569598818306,1,0,0
705.87,David,GL1010,0,0,1,0,0,0,0,normal,2024-09-04,E000447,0,15,7,0,0,0,0.002158428962162888,0,0,0
1403.28,David,GL1019,0,0,1,0,0,0,0,normal,2024-03-31,E000448,0,14,1,4,0,0,0.032859569598818306,0,0,0
110.64,Charlie,GL1004,0,0,1,0,0,0,0,normal,2024-01-19,E000449,1,1,1,1,0,0,0.032859569598818306,0,0,0
257.85,Charlie,GL1018,0,0,1,0,0,0,0,normal,2024-12-13,E000450,1,6,2,5,0,0,0.00942459238901458,0,0,0
1739.97,Charlie,GL1003,1,0,1,0,0,0,0,normal,2024-02-24,E000451,1,5,1,7,0,0,0.032859569598818306,1,0,0
484.48,Bob,GL1017,0,0,1,0,0,0,0,normal,2025-03-01,E000452,2,10,4,8,0,0,0.013365676215001218,0,0,0
1382.07,Alice,GL1012,0,0,1,0,0,0,0,normal,2025-06-24,E000453,5,8,1,3,0,0,0.032859569598818306,0,0,0
641.18,Alice,GL1006,0,0,1,0,0,0,0,normal,2025-02-10,E000454,5,17,6,4,0,0,0.010555812187004202,0,0,0
316.7,Alice,GL1006,0,0,1,0,0,0,0,normal,2024-06-12,E000455,5,17,3,1,0,0,0.023434977209803698,0,0,0
776.91,David,GL1003,0,0,1,0,0,0,0,normal,2025-12-15,E000456,0,5,7,7,0,0,0.002158428962162888,0,0,0
208.79,Charlie,GL1007,1,0,1,0,0,0,0,normal,2025-03-11,E000457,1,12,2,0,0,0,0.00942459238901458,1,0,0
136.86,Bob,GL1012,0,0,1,0,0,0,0,normal,2025-04-26,E000458,2,8,1,3,0,0,0.032859569598818306,0,0,0
155.39,Alice,GL1002,0,0,1,0,0,0,0,normal,2025-12-13,E000459,5,3,1,5,0,0,0.032859569598818306,0,0,0
1772.76,Alice,GL1010,1,0,1,0,0,0,0,normal,2024-12-04,E000460,5,15,1,7,0,0,0.032859569598818306,1,0,0
1256.6,Alice,GL1018,0,0,1,0,0,0,0,normal,2024-11-17,E000461,5,6,1,2,0,0,0.032859569598818306,0,0,0
609.38,Bob,GL1001,0,0,1,0,0,0,0,normal,2024-11-14,E000462,2,7,6,0,0,0,0.010555812187004202,0,0,0
822.01,Fred,GL1008,0,0,1,0,0,0,0,normal,2025-07-02,E000463,4,4,8,2,0,0,0.017769783317029733,0,0,0
633.71,Alice,GL1013,0,0,1,0,0,0,0,normal,2024-05-20,E000464,5,16,6,3,0,0,0.010555812187004202,0,0,0
2482.38,Alice,GL1007,0,0,1,0,0,0,0,normal,2025-04-18,E000465,5,12,2,4,0,0,0.00942459238901458,0,0,0
939.21,Charlie,GL1006,1,0,1,0,0,0,0,normal,2025-10-15,E000466,1,17,9,3,0,0,0.01940541670749528,1,0,0
625.67,Charlie,GL1013,0,0,1,0,0,0,0,normal,2024-09-19,E000467,1,16,6,2,0,0,0.010555812187004202,0,0,0
874.74,Bob,GL1015,0,0,1,0,0,0,0,normal,2025-01-03,E000468,2,11,8,7,0,0,0.017769783317029733,0,0,0
260.74,Alice,GL1004,2,0,1,0,0,0,0,normal,2025-07-01,E000469,5,1,2,6,0,0,0.00942459238901458,1,0,0
697.3,Alice,GL1009,0,0,1,0,0,0,0,normal,2024-10-28,E000470,5,9,6,9,0,0,0.010555812187004202,0,0,0
181.01,Charlie,GL1012,0,0,1,0,0,0,0,normal,2024-08-22,E000471,1,8,1,8,0,0,0.032859569598818306,0,0,0
173.2,David,GL1004,0,0,1,0,0,0,0,normal,2025-01-20,E000472,0,1,1,7,0,0,0.032859569598818306,0,0,0
220.73,Alice,GL1005,1,0,1,0,0,0,0,normal,2025-03-30,E000473,5,0,2,2,0,0,0.00942459238901458,1,0,0
582.44,Charlie,GL1016,0,0,1,0,0,0,0,normal,2025-04-06,E000474,1,20,5,8,0,0,0.023575646182951618,0,0,0
722.25,Fred,GL1006,0,0,1,1,1,0,0,normal,2025-08-03,E000475,4,17,7,2,0,0,0.002158428962162888,0,0,0
2554.08,Charlie,GL1006,0,0,1,0,0,0,0,normal,2024-09-04,E000476,1,17,2,5,0,0,0.00942459238901458,0,0,0
868.51,David,GL1014,0,0,1,0,0,0,0,normal,2024-12-12,E000477,0,2,8,6,0,0,0.017769783317029733,0,0,0
779.71,Bob,GL1011,0,0,2,0,0,0,0,normal,2024-08-21,E000478,2,13,7,7,0,0,0.002158428962162888,0,0,0
1024.67,Alice,GL1008,0,0,1,0,1,0,0,normal,2025-09-07,E000479,5,4,1,0,0,0,0.032859569598818306,0,0,0
280.62,Charlie,GL1002,0,0,1,0,0,0,0,normal,2024-11-08,E000480,1,3,2,8,0,0,0.00942459238901458,0,0,0
228.18,Alice,GL1009,0,0,2,0,0,0,0,normal,2024-01-27,E000481,5,9,2,2,0,0,0.00942459238901458,0,0,0
1908.59,Bob,GL1003,0,0,1,0,0,0,0,normal,2025-08-29,E000482,2,5,1,9,0,0,0.032859569598818306,0,0,0
1338.9,David,GL1008,0,0,1,0,0,0,0,normal,2024-02-14,E000483,0,4,1,3,0,0,0.032859569598818306,0,0,0
77.1,David,GL1001,0,0,1,0,0,0,0,normal,2025-06-15,E000484,0,7,7,7,0,0,0.002158428962162888,0,0,0
909.54,Alice,GL1005,0,0,1,0,0,3,0,normal,2024-09-10,E000485,5,0,9,0,0,0,0.01940541670749528,0,0,0
826.74,Bob,GL1003,0,0,1,0,0,0,0,normal,2024-02-22,E000486,2,5,8,2,0,0,0.017769783317029733,0,0,0
1799.73,Alice,GL1014,0,0,1,1,1,0,0,normal,2024-10-11,E000487,5,2,1,7,0,0,0.032859569598818306,0,0,0
406.75,Alice,GL1014,2,1,1,0,0,4,1,weekend_latenight,2025-10-11,E000488,5,2,4,0,0,0,0.013365676215001218,1,0,0
3137.87,David,GL1014,2,0,1,0,0,0,0,normal,2024-04-21,E000489,0,2,3,1,0,0,0.023434977209803698,1,0,0
413.0,Charlie,GL1017,1,0,1,0,0,0,0,normal,2025-01-07,E000490,1,10,4,1,0,0,0.013365676215001218,1,0,0
1213.78,Bob,GL1016,2,0,1,0,0,0,0,normal,2024-03-31,E000491,2,20,1,2,0,0,0.032859569598818306,1,0,0
1099.59,Bob,GL1019,0,0,1,0,0,0,0,normal,2025-03-12,E000492,2,14,1,0,0,0,0.032859569598818306,0,0,0
1180.54,Charlie,GL1016,0,0,2,0,0,0,0,normal,2024-10-17,E000493,1,20,1,1,0,0,0.032859569598818306,0,0,0
145.68,David,GL1003,0,0,1,1,0,0,0,normal,2024-08-26,E000494,0,5,1,4,0,0,0.032859569598818306,0,0,0
2154.69,David,GL1012,2,0,1,0,0,0,0,normal,2025-10-12,E000495,0,8,2,1,0,0,0.00942459238901458,1,0,0
167.26,Charlie,GL1005,0,0,1,0,0,0,0,normal,2025-04-14,E000496,1,0,1,6,0,0,0.032859569598818306,0,0,0
1264.51,Charlie,GL1019,0,0,1,0,0,0,0,normal,2024-12-04,E000497,1,14,1,2,0,0,0.032859569598818306,0,0,0
234.93,Bob,GL1004,0,0,1,0,0,0,0,normal,2025-08-19,E000498,2,1,2,3,0,0,0.00942459238901458,0,0,0
221.38,Charlie,GL1004,0,0,1,0,0,0,0,normal,2024-11-14,E000499,1,1,2,2,0,0,0.00942459238901458,0,0,0
242.84,Charlie,GL1018,2,0,1,0,0,0,0,normal,2025-05-29,E000500,1,6,2,4,0,0,0.00942459238901458,1,0,0
217.02,Bob,GL1008,0,0,1,0,0,0,0,normal,2024-06-11,E000501,2,4,2,1,0,0,0.00942459238901458,0,0,0
293.09,Alice,GL1007,0,0,1,0,0,0,0,normal,2025-01-17,E000502,5,12,2,9,0,0,0.00942459238901458,0,0,0
831.22,Alice,GL1008,0,0,2,0,0,0,0,normal,2025-10-09,E000503,5,4,8,3,0,0,0.017769783317029733,0,0,0
206.03,Charlie,GL1016,0,0,1,0,0,0,0,normal,2025-09-13,E000504,1,20,2,0,0,0,0.00942459238901458,0,0,0
1136.8424033534557,Max,GL1100,2,0,1,1,0,5,1,novel_user_account,2025-08-15,E000505,3,19,1,1,0,0,0.032859569598818306,1,0,0
809.83,Alice,GL1014,0,0,2,0,0,0,0,normal,2025-05-27,E000506,5,2,8,0,0,0,0.017769783317029733,0,0,0
172.95,Bob,GL1010,0,0,1,0,0,0,0,normal,2025-08-22,E000507,2,15,1,7,0,0,0.032859569598818306,0,0,0
1610.77,Charlie,GL1017,0,0,1,0,0,0,0,normal,2025-08-20,E000508,1,10,1,6,0,0,0.032859569598818306,0,0,0
1082.49,Fred,GL1013,0,0,1,0,0,0,0,normal,2025-04-22,E000509,4,16,1,0,0,0,0.032859569598818306,0,0,0
993.73,Alice,GL1011,0,0,2,0,0,0,0,normal,2024-06-19,E000510,5,13,9,9,0,1,0.01940541670749528,0,0,0
926.93,Bob,GL1006,0,0,1,0,0,0,0,normal,2024-01-11,E000511,2,17,9,2,0,0,0.01940541670749528,0,0,0
508.98,Alice,GL1019,0,0,1,0,0,0,0,normal,2025-05-12,E000512,5,14,5,0,0,0,0.023575646182951618,0,0,0
1225.4,Alice,GL1015,0,0,1,0,0,0,0,normal,2024-02-09,E000513,5,11,1,2,0,0,0.032859569598818306,0,0,0
9942.053103522885,David,GL1004,0,0,1,1,0,6,1,reversal_pattern,2024-03-06,E000514,0,1,9,9,0,1,0.01940541670749528,0,1,0
9998.78,Alice,GL1006,0,0,1,0,0,3,1,threshold_avoidance,2025-10-24,E000515,5,17,9,9,0,1,0.01940541670749528,0,0,0
813.03,Charlie,GL1008,0,0,1,0,0,0,0,normal,2024-01-19,E000516,1,4,8,1,0,0,0.017769783317029733,0,0,0
1001.22,Alice,GL1004,0,0,1,0,0,0,0,normal,2025-08-06,E000517,5,1,1,0,0,0,0.032859569598818306,0,0,0
409.57,David,GL1014,0,1,1,0,0,0,0,normal,2024-03-09,E000518,0,2,4,0,0,0,0.013365676215001218,1,0,0
816.81,David,GL1016,0,0,1,0,0,0,0,normal,2024-07-19,E000519,0,20,8,1,0,0,0.017769783317029733,0,0,0
1073.93,Bob,GL1014,0,0,1,0,0,4,0,normal,2024-09-27,E000520,2,2,1,0,0,0,0.032859569598818306,0,0,0
2835.13,Charlie,GL1019,0,1,1,0,1,0,0,normal,2025-05-26,E000521,1,14,2,8,0,0,0.00942459238901458,1,0,0
253.97,David,GL1000,0,0,2,0,0,0,0,normal,2025-12-11,E000522,0,18,2,5,0,0,0.00942459238901458,0,0,0
594.36,Max,GL1008,0,0,1,0,0,0,0,normal,2025-12-13,E000523,3,4,5,9,0,0,0.023575646182951618,0,0,0
513.55,Bob,GL1000,0,0,1,0,0,0,0,normal,2025-02-25,E000524,2,18,5,1,0,0,0.023575646182951618,0,0,0
312.27,Charlie,GL1005,0,0,2,0,0,0,0,normal,2025-02-26,E000525,1,0,3,1,0,0,0.023434977209803698,0,0,0
2533.95,David,GL1012,2,1,1,0,0,4,1,weekend_latenight,2025-09-22,E000526,0,8,2,5,0,0,0.00942459238901458,1,0,0
1095.21,Bob,GL1017,0,0,1,0,0,0,0,normal,2024-08-03,E000527,2,10,1,0,0,0,0.032859569598818306,0,0,0
279.81,Alice,GL1017,0,0,1,0,0,0,0,normal,2025-11-27,E000528,5,10,2,7,0,0,0.00942459238901458,0,0,0
-1462.6494771822854,Alice,GL1002,0,0,1,1,0,6,1,reversal_pattern,2025-01-20,E000529,5,3,1,4,0,0,0.032859569598818306,0,1,0
1387.28,Fred,GL1019,0,0,1,0,0,0,0,normal,2024-01-24,E000530,4,14,1,3,0,0,0.032859569598818306,0,0,0
1566.89,Fred,GL1006,0,0,1,0,0,0,0,normal,2024-08-31,E000531,4,17,1,5,0,0,0.032859569598818306,0,0,0
245.59,Charlie,GL1019,0,1,1,0,0,0,0,normal,2025-10-06,E000532,1,14,2,4,0,0,0.00942459238901458,1,0,0
2051.96,Charlie,GL1002,0,0,1,0,1,0,0,normal,2024-07-12,E000533,1,3,2,0,0,0,0.00942459238901458,0,0,0
533.16,Bob,GL1012,0,0,1,0,0,0,0,normal,2024-09-17,E000534,2,8,5,3,0,0,0.023575646182951618,0,0,0
172.04,Bob,GL1016,0,0,1,0,0,0,0,normal,2025-01-12,E000535,2,20,1,7,0,0,0.032859569598818306,0,0,0
123.4,Fred,GL1015,1,1,2,1,0,4,1,weekend_latenight,2025-06-26,E000536,4,11,1,2,0,0,0.032859569598818306,1,0,0
1026.45,Alice,GL1001,0,0,1,0,0,0,0,normal,2025-06-06,E000537,5,7,1,0,0,0,0.032859569598818306,0,0,0
237.29,Charlie,GL1017,2,1,2,0,1,4,1,weekend_latenight,2024-10-18,E000538,1,10,2,3,0,0,0.00942459238901458,1,0,0
4517.09,Charlie,GL1014,0,0,1,0,0,4,0,normal,2025-06-14,E000539,1,2,4,5,0,0,0.013365676215001218,0,0,0
490.98,David,GL1019,0,1,1,0,0,0,0,normal,2025-10-05,E000540,0,14,4,9,0,0,0.013365676215001218,1,0,0
147.35,Bob,GL1015,0,0,1,1,0,0,0,normal,2025-07-18,E000541,2,11,1,4,0,0,0.032859569598818306,0,0,0
262.69,David,GL1003,0,0,1,0,1,0,0,normal,2024-06-02,E000542,0,5,2,6,0,0,0.00942459238901458,0,0,0
842.04,Fred,GL1012,0,0,1,0,0,0,0,normal,2025-07-23,E000543,4,8,8,4,0,0,0.017769783317029733,0,0,0
203.33,Max,GL1015,0,0,1,0,0,0,0,normal,2025-12-06,E000544,3,11,2,0,0,0,0.00942459238901458,0,0,0
823.83,Bob,GL1009,0,1,1,0,0,0,0,normal,2024-09-25,E000545,2,9,8,2,0,0,0.017769783317029733,1,0,0
6410.72,David,GL1016,0,0,1,0,0,0,0,normal,2024-04-14,E000546,0,20,6,4,0,0,0.010555812187004202,0,0,0
5069.0,Bob,GL1006,0,0,1,0,0,2,1,benford_violation,2025-01-27,E000547,2,17,5,0,0,0,0.023575646182951618,0,0,0
1291.76,Alice,GL1007,0,0,1,0,0,0,0,normal,2025-08-11,E000548,5,12,1,2,0,0,0.032859569598818306,0,0,0
313.04,Max,GL1019,0,0,1,0,0,0,0,normal,2025-02-11,E000549,3,14,3,1,0,0,0.023434977209803698,0,0,0
2248.97,David,GL1007,0,0,1,0,0,0,0,normal,2025-02-23,E000550,0,12,2,2,0,0,0.00942459238901458,0,0,0
536.24,Bob,GL1012,0,0,1,0,0,0,0,normal,2025-05-13,E000551,2,8,5,3,0,0,0.023575646182951618,0,0,0
498.85,Bob,GL1002,0,0,1,0,0,0,0,normal,2025-08-20,E000552,2,3,4,9,0,0,0.013365676215001218,0,0,0
261.89,Alice,GL1016,0,0,1,0,0,0,0,normal,2024-11-25,E000553,5,20,2,6,0,0,0.00942459238901458,0,0,0
466.67,Alice,GL1012,0,0,1,0,0,0,0,normal,2025-04-07,E000554,5,8,4,6,0,0,0.013365676215001218,0,0,0
1000.0,Bob,GL1007,0,0,1,1,0,2,1,round_number,2024-04-03,E000555,2,12,1,0,1,0,0.032859569598818306,0,0,0
222.09,Fred,GL1005,0,0,1,0,0,0,0,normal,2025-04-01,E000556,4,0,2,2,0,0,0.00942459238901458,0,0,0
910.88,Alice,GL1014,0,0,1,0,0,0,0,normal,2024-03-28,E000557,5,2,9,1,0,0,0.01940541670749528,0,0,0
382.76,Max,GL1006,0,0,1,0,0,0,0,normal,2025-02-05,E000558,3,17,3,8,0,0,0.023434977209803698,0,0,0
655.16,Alice,GL1000,0,0,1,0,0,0,0,normal,2024-01-13,E000559,5,18,6,5,0,0,0.010555812187004202,0,0,0
468.05,David,GL1010,0,0,1,0,0,4,0,normal,2024-07-16,E000560,0,15,4,6,0,0,0.013365676215001218,0,0,0
600.31,Fred,GL1007,0,0,1,0,0,0,0,normal,2025-04-18,E000561,4,12,6,0,0,0,0.010555812187004202,0,0,0
3850.32,Charlie,GL1015,0,0,1,0,0,0,0,normal,2025-01-07,E000562,1,11,3,8,0,0,0.023434977209803698,0,0,0
273.64,Bob,GL1003,0,0,3,0,0,0,0,normal,2024-09-21,E000563,2,5,2,7,0,0,0.00942459238901458,0,0,0
494.89,Bob,GL1002,0,0,1,0,0,0,0,normal,2025-08-30,E000564,2,3,4,9,0,0,0.013365676215001218,0,0,0
1321.65,Bob,GL1011,0,0,1,1,0,0,0,normal,2024-03-06,E000565,2,13,1,3,0,0,0.032859569598818306,0,0,0
922.52,Charlie,GL1006,0,0,1,0,0,0,0,normal,2024-12-14,E000566,1,17,9,2,0,0,0.01940541670749528,0,0,0
313.02,Bob,GL1005,0,0,1,0,0,0,0,normal,2025-12-21,E000567,2,0,3,1,0,0,0.023434977209803698,0,0,0
819.71,David,GL1014,2,0,2,0,0,0,0,normal,2024-09-24,E000568,0,2,8,1,0,0,0.017769783317029733,1,0,0
475.93,Charlie,GL1005,0,1,1,0,0,0,0,normal,2025-05-09,E000569,1,0,4,7,0,0,0.013365676215001218,1,0,0
514.71,David,GL1001,0,0,1,1,0,0,0,normal,2024-08-22,E000570,0,7,5,1,0,0,0.023575646182951618,0,0,0
576.65,Alice,GL1001,0,0,1,0,0,0,0,normal,2025-03-05,E000571,5,7,5,7,0,0,0.023575646182951618,0,0,0
560.63,Max,GL1014,2,0,1,0,0,0,0,normal,2024-07-16,E000572,3,2,5,6,0,0,0.023575646182951618,1,0,0
657.02,Bob,GL1014,0,0,1,0,0,0,0,normal,2025-06-21,E000573,2,2,6,5,0,0,0.010555812187004202,0,0,0
940.62,Charlie,GL1008,0,0,1,0,0,0,0,normal,2024-07-21,E000574,1,4,9,4,0,0,0.01940541670749528,0,0,0
309.09,Alice,GL1007,2,0,1,0,0,0,0,normal,2024-06-09,E000575,5,12,3,0,0,0,0.023434977209803698,1,0,0
585.98,Max,GL1004,0,0,1,0,0,0,0,normal,2025-02-11,E000576,3,1,5,8,0,0,0.023575646182951618,0,0,0
383.41,Fred,GL1014,0,0,1,0,0,0,0,normal,2024-09-15,E000577,4,2,3,8,0,0,0.023434977209803698,0,0,0
822.13,Fred,GL1019,0,0,1,0,0,0,0,normal,2025-04-27,E000578,4,14,8,2,0,0,0.017769783317029733,0,0,0
14345.501151236293,Bob,GL1000,2,1,3,1,1,6,1,cash_with_pattern,2025-12-19,E000579,2,18,1,4,0,0,0.032859569598818306,1,0,0
395.53,Alice,GL1002,0,0,1,0,0,0,0,normal,2025-10-08,E000580,5,3,3,9,0,0,0.023434977209803698,0,0,0
160.22,Max,GL1002,2,0,1,0,0,0,0,normal,2024-06-25,E000581,3,3,1,6,0,0,0.032859569598818306,1,0,0
102.96,Alice,GL1005,0,0,1,0,0,0,0,normal,2024-06-10,E000582,5,0,1,0,0,0,0.032859569598818306,0,0,0
1283.95,Charlie,GL1018,0,0,1,0,0,0,0,normal,2025-02-03,E000583,1,6,1,2,0,0,0.032859569598818306,0,0,0
784.39,Alice,GL1000,2,0,1,0,0,0,0,normal,2025-03-02,E000584,5,18,7,8,0,0,0.002158428962162888,1,0,0
2260.34,Charlie,GL1018,0,0,1,0,0,0,0,normal,2024-11-14,E000585,1,6,2,2,0,0,0.00942459238901458,0,0,0
4996.24,Charlie,GL1013,0,0,1,0,0,3,1,threshold_avoidance,2024-04-21,E000586,1,16,4,9,0,1,0.013365676215001218,0,0,0
846.36,Bob,GL1016,0,0,1,0,0,0,0,normal,2025-11-18,E000587,2,20,8,4,0,0,0.017769783317029733,0,0,0
995.17,Alice,GL1002,0,0,1,0,0,3,1,threshold_avoidance,2025-09-03,E000588,5,3,9,9,0,1,0.01940541670749528,0,0,0
466.31,Alice,GL1018,2,0,1,0,0,1,0,normal,2025-04-05,E000589,5,6,4,6,0,0,0.013365676215001218,1,0,0
842.58,Bob,GL1001,0,0,1,0,0,0,0,normal,2024-11-15,E000590,2,7,8,4,0,0,0.017769783317029733,0,0,0
66.02,David,GL1018,0,0,1,0,0,0,0,normal,2025-03-07,E000591,0,6,6,6,0,0,0.010555812187004202,0,0,0
565.86,David,GL1007,0,0,1,0,0,0,0,normal,2024-10-17,E000592,0,12,5,6,0,0,0.023575646182951618,0,0,0
810.78,Alice,GL1016,0,0,1,0,0,0,0,normal,2024-09-06,E000593,5,20,8,1,0,0,0.017769783317029733,0,0,0
1800.21,Bob,GL1008,0,0,1,0,0,0,0,normal,2024-05-01,E000594,2,4,1,8,0,0,0.032859569598818306,0,0,0
721.64,Charlie,GL1019,0,0,1,0,0,0,0,normal,2025-04-01,E000595,1,14,7,2,0,0,0.002158428962162888,0,0,0
369.13,Alice,GL1009,0,0,1,0,0,1,0,normal,2024-07-16,E000596,5,9,3,6,0,0,0.023434977209803698,0,0,0
247.87,Bob,GL1006,0,0,1,0,0,0,0,normal,2024-06-08,E000597,2,17,2,4,0,0,0.00942459238901458,0,0,0
794.74,Alice,GL1005,0,0,1,0,0,0,0,normal,2024-12-23,E000598,5,0,7,9,0,0,0.002158428962162888,0,0,0
1191.22,Charlie,GL1004,1,0,1,0,0,0,0,normal,2025-02-18,E000599,1,1,1,1,0,0,0.032859569598818306,1,0,0
288.9,Fred,GL1001,0,0,1,0,1,0,0,normal,2024-11-29,E000600,4,7,2,8,0,0,0.00942459238901458,0,0,0
1391.97,David,GL1007,0,0,1,0,0,0,0,normal,2025-07-16,E000601,0,12,1,3,0,0,0.032859569598818306,0,0,0
461.86,Charlie,GL1010,2,0,1,0,0,0,0,normal,2024-10-29,E000602,1,15,4,6,0,0,0.013365676215001218,1,0,0
380.81,Alice,GL1004,1,0,1,0,0,0,0,normal,2024-07-09,E000603,5,1,3,8,0,0,0.023434977209803698,1,0,0
2477.64,David,GL1012,1,0,1,0,0,0,0,normal,2024-05-23,E000604,0,8,2,4,0,0,0.00942459238901458,1,0,0
355.54,Fred,GL1015,0,0,1,0,0,0,0,normal,2024-11-05,E000605,4,11,3,5,0,0,0.023434977209803698,0,0,0
1326.88,David,GL1017,0,0,1,0,0,0,0,normal,2025-07-27,E000606,0,10,1,3,0,0,0.032859569598818306,0,0,0
1079.48,Alice,GL1001,2,0,2,0,0,0,0,normal,2025-03-10,E000607,5,7,1,0,0,0,0.032859569598818306,1,0,0
995.29,Fred,GL1006,0,0,1,0,0,0,0,normal,2025-04-02,E000608,4,17,9,9,0,1,0.01940541670749528,0,0,0
826.73,Max,GL1004,0,0,1,0,0,0,0,normal,2025-01-06,E000609,3,1,8,2,0,0,0.017769783317029733,0,0,0
987.99,Alice,GL1005,1,0,1,0,0,0,0,normal,2025-05-12,E000610,5,0,9,8,0,0,0.01940541670749528,1,0,0
1462.6494771822854,Alice,GL1002,0,0,1,1,0,6,1,reversal_pattern,2025-10-20,E000611,5,3,1,4,0,0,0.032859569598818306,0,1,0
1010.88,Bob,GL1002,0,0,1,0,0,0,0,normal,2025-02-15,E000612,2,3,1,0,0,0,0.032859569598818306,0,0,0
912.86,Fred,GL1008,0,0,1,0,0,0,0,normal,2024-11-28,E000613,4,4,9,1,0,0,0.01940541670749528,0,0,0
497.0,Bob,GL1019,0,0,1,0,0,0,0,normal,2024-10-06,E000614,2,14,4,9,0,0,0.013365676215001218,0,0,0
894.08,Bob,GL1014,0,0,1,0,0,0,0,normal,2024-04-28,E000615,2,2,8,9,0,0,0.017769783317029733,0,0,0
127.96,Bob,GL1001,0,1,1,0,0,0,0,normal,2024-03-04,E000616,2,7,1,2,0,0,0.032859569598818306,1,0,0
389.66,Charlie,GL1012,0,0,3,0,0,0,0,normal,2024-06-27,E000617,1,8,3,8,0,0,0.023434977209803698,0,0,0
883.64,Max,GL1007,0,0,1,0,0,0,0,normal,2025-02-02,E000618,3,12,8,8,0,0,0.017769783317029733,0,0,0
82.41,Alice,GL1003,0,0,1,0,0,0,0,normal,2024-11-14,E000619,5,5,8,2,0,0,0.017769783317029733,0,0,0
995.54,David,GL1013,0,0,1,0,0,0,0,normal,2024-07-23,E000620,0,16,9,9,0,1,0.01940541670749528,0,0,0
1418.9,Charlie,GL1011,0,0,1,1,0,0,0,normal,2025-04-29,E000621,1,13,1,4,0,0,0.032859569598818306,0,0,0
1968.97,Bob,GL1019,1,0,1,0,0,0,0,normal,2025-01-31,E000622,2,14,1,9,0,0,0.032859569598818306,1,0,0
116.38,Bob,GL1009,0,0,1,0,0,0,0,normal,2025-06-11,E000623,2,9,1,1,0,0,0.032859569598818306,0,0,0
355.07,David,GL1003,0,0,1,0,0,0,0,normal,2025-12-14,E000624,0,5,3,5,0,0,0.023434977209803698,0,0,0
175.22,Bob,GL1011,0,0,1,0,0,0,0,normal,2024-09-25,E000625,2,13,1,7,0,0,0.032859569598818306,0,0,0
222.67,Alice,GL1005,0,0,2,0,0,0,0,normal,2024-06-30,E000626,5,0,2,2,0,0,0.00942459238901458,0,0,0
305.82,Bob,GL1000,0,0,1,0,0,0,0,normal,2024-04-14,E000627,2,18,3,0,0,0,0.023434977209803698,0,0,0
589.67,Charlie,GL1014,0,0,1,0,0,0,0,normal,2025-12-01,E000628,1,2,5,8,0,0,0.023575646182951618,0,0,0
2267.38,Alice,GL1010,0,0,1,0,0,0,0,normal,2024-08-13,E000629,5,15,2,2,0,0,0.00942459238901458,0,0,0
1532.56,Fred,GL1002,0,0,1,0,0,0,0,normal,2024-09-21,E000630,4,3,1,5,0,0,0.032859569598818306,0,0,0
553.0,David,GL1016,0,0,2,0,0,0,0,normal,2025-09-09,E000631,0,20,5,5,0,0,0.023575646182951618,0,0,0
157.41,Alice,GL1005,2,0,2,0,0,0,0,normal,2024-03-05,E000632,5,0,1,5,0,0,0.032859569598818306,1,0,0
721.58,Charlie,GL1014,1,0,1,1,0,0,0,normal,2024-07-01,E000633,1,2,7,2,0,0,0.002158428962162888,1,0,0
24999.49,David,GL1002,0,1,2,0,0,3,1,threshold_avoidance,2025-01-13,E000634,0,3,2,4,0,1,0.00942459238901458,1,0,0
886.66,Bob,GL1009,0,0,1,0,0,0,0,normal,2025-02-04,E000635,2,9,8,8,0,0,0.017769783317029733,0,0,0
514.95,Alice,GL1010,0,0,1,0,0,0,0,normal,2025-08-31,E000636,5,15,5,1,0,0,0.023575646182951618,0,0,0
1132.08,Fred,GL1018,1,0,1,0,0,0,0,normal,2025-07-07,E000637,4,6,1,1,0,0,0.032859569598818306,1,0,0
407.83,Bob,GL1006,0,0,1,1,0,0,0,normal,2024-02-01,E000638,2,17,4,0,0,0,0.013365676215001218,0,0,0
5573.006494487598,Max,GL1104,1,0,1,1,1,5,1,novel_user_account,2024-07-04,E000639,3,22,5,5,0,0,0.023575646182951618,1,0,0
466.4008751444241,Charlie,GL1002,0,0,1,1,1,4,1,cash_with_pattern,2025-12-28,E000640,1,3,4,6,0,0,0.013365676215001218,0,0,0
609.99,Max,GL1000,0,0,1,0,0,0,0,normal,2025-08-23,E000641,3,18,6,0,0,0,0.010555812187004202,0,0,0
2455.44,Alice,GL1008,0,0,1,0,0,0,0,normal,2024-08-31,E000642,5,4,2,4,0,0,0.00942459238901458,0,0,0
416.05,Alice,GL1018,2,0,2,0,0,0,0,normal,2024-07-29,E000643,5,6,4,1,0,0,0.013365676215001218,1,0,0
5677.93,Alice,GL1014,2,0,1,0,0,0,0,normal,2025-10-07,E000644,5,2,5,6,0,0,0.023575646182951618,1,0,0
337.59,Alice,GL1001,0,0,1,0,0,3,0,normal,2025-07-07,E000645,5,7,3,3,0,0,0.023434977209803698,0,0,0
2045.0,Charlie,GL1015,0,0,1,0,0,0,0,normal,2024-08-19,E000646,1,11,2,0,0,0,0.00942459238901458,0,0,0
1030.99,Alice,GL1009,2,0,1,0,0,0,0,normal,2025-11-30,E000647,5,9,1,0,0,0,0.032859569598818306,1,0,0
136.73,David,GL1015,0,0,1,0,0,0,0,normal,2024-04-12,E000648,0,11,1,3,0,0,0.032859569598818306,0,0,0
228.96,Bob,GL1006,0,0,1,0,0,0,0,normal,2024-11-29,E000649,2,17,2,2,0,0,0.00942459238901458,0,0,0
2352.98,Bob,GL1003,0,0,1,1,0,0,0,normal,2025-10-17,E000650,2,5,2,3,0,0,0.00942459238901458,0,0,0
1837.34,Bob,GL1003,0,0,1,0,0,1,0,normal,2025-10-05,E000651,2,5,1,8,0,0,0.032859569598818306,0,0,0
145.79,Charlie,GL1000,0,0,1,0,0,0,0,normal,2025-06-17,E000652,1,18,1,4,0,0,0.032859569598818306,0,0,0
368.96,Fred,GL1019,0,0,3,0,0,0,0,normal,2025-10-29,E000653,4,14,3,6,0,0,0.023434977209803698,0,0,0
1128.37,David,GL1006,1,0,1,0,0,0,0,normal,2025-01-05,E000654,0,17,1,1,0,0,0.032859569598818306,1,0,0
432.16,Charlie,GL1003,0,0,1,0,0,0,0,normal,2025-02-05,E000655,1,5,4,3,0,0,0.013365676215001218,0,0,0
970.85,Alice,GL1000,0,0,1,0,0,0,0,normal,2025-04-06,E000656,5,18,9,7,0,0,0.01940541670749528,0,0,0
100000.0,Bob,GL1018,2,0,1,1,0,2,1,round_number,2025-11-11,E000657,2,6,1,0,1,0,0.032859569598818306,1,0,0
180.84,David,GL1005,0,0,1,0,0,0,0,normal,2024-04-09,E000658,0,0,1,8,0,0,0.032859569598818306,0,0,0
333.96,Alice,GL1003,0,0,1,0,0,1,0,normal,2025-11-07,E000659,5,5,3,3,0,0,0.023434977209803698,0,0,0
302.12,Fred,GL1014,0,0,1,0,0,0,0,normal,2025-03-23,E000660,4,2,3,0,0,0,0.023434977209803698,0,0,0
789.07,Alice,GL1017,0,0,1,0,0,0,0,normal,2025-06-07,E000661,5,10,7,8,0,0,0.002158428962162888,0,0,0
882.29,Bob,GL1007,0,0,1,0,0,0,0,normal,2025-07-28,E000662,2,12,8,8,0,0,0.017769783317029733,0,0,0
4152.92,Fred,GL1006,0,0,1,0,0,0,0,normal,2024-08-22,E000663,4,17,4,1,0,0,0.013365676215001218,0,0,0
85.4,Fred,GL1002,0,0,1,0,0,0,0,normal,2025-05-29,E000664,4,3,8,5,0,0,0.017769783317029733,0,0,0
311.4,Alice,GL1019,2,0,1,0,0,0,0,normal,2025-01-18,E000665,5,14,3,1,0,0,0.023434977209803698,1,0,0
435.02,Bob,GL1009,0,1,1,0,0,0,0,normal,2025-04-06,E000666,2,9,4,3,0,0,0.013365676215001218,1,0,0
817.53,Alice,GL1018,0,0,1,0,0,0,0,normal,2024-03-18,E000667,5,6,8,1,0,0,0.017769783317029733,0,0,0
942.87,Alice,GL1004,0,0,1,0,0,0,0,normal,2024-11-08,E000668,5,1,9,4,0,0,0.01940541670749528,0,0,0
2216.44,Bob,GL1005,0,1,1,0,0,0,0,normal,2024-04-04,E000669,2,0,2,2,0,0,0.00942459238901458,1,0,0
114.9,Alice,GL1012,1,0,1,0,0,0,0,normal,2024-05-12,E000670,5,8,1,1,0,0,0.032859569598818306,1,0,0
4219.27,Fred,GL1012,0,0,1,0,0,0,0,normal,2024-01-15,E000671,4,8,4,2,0,0,0.013365676215001218,0,0,0
550.25,Bob,GL1013,0,0,1,0,0,0,0,normal,2025-05-28,E000672,2,16,5,5,0,0,0.023575646182951618,0,0,0
184.68,Charlie,GL1001,0,0,1,0,0,0,0,normal,2024-04-30,E000673,1,7,1,8,0,0,0.032859569598818306,0,0,0
798.75,Charlie,GL1008,0,0,1,0,0,0,0,normal,2025-08-03,E000674,1,4,7,9,0,0,0.002158428962162888,0,0,0
953.17,Alice,GL1000,0,0,1,0,0,0,0,normal,2025-11-13,E000675,5,18,9,5,0,0,0.01940541670749528,0,0,0
295.97,Bob,GL1017,0,0,1,0,0,0,0,normal,2025-01-19,E000676,2,10,2,9,0,0,0.00942459238901458,0,0,0
598.37,Bob,GL1001,0,0,1,0,0,0,0,normal,2024-03-31,E000677,2,7,5,9,0,0,0.023575646182951618,0,0,0
348.09,Bob,GL1016,0,0,2,0,0,0,0,normal,2024-07-26,E000678,2,20,3,4,0,0,0.023434977209803698,0,0,0
813.41,Charlie,GL1003,0,0,1,0,0,0,0,normal,2025-08-02,E000679,1,5,8,1,0,0,0.017769783317029733,0,0,0
419.47,David,GL1016,0,0,1,0,0,0,0,normal,2025-03-20,E000680,0,20,4,1,0,0,0.013365676215001218,0,0,0
901.28,Max,GL1005,0,0,1,0,0,0,0,normal,2024-10-06,E000681,3,0,9,0,0,0,0.01940541670749528,0,0,0
177.02,Bob,GL1009,0,0,1,0,0,0,0,normal,2024-12-26,E000682,2,9,1,7,0,0,0.032859569598818306,0,0,0
924.17,Alice,GL1005,0,0,1,0,0,0,0,normal,2024-05-27,E000683,5,0,9,2,0,0,0.01940541670749528,0,0,0
1710.01,Fred,GL1009,0,0,1,0,0,0,0,normal,2025-09-13,E000684,4,9,1,7,0,0,0.032859569598818306,0,0,0
178.2,Charlie,GL1011,0,0,1,0,0,6,0,normal,2025-04-30,E000685,1,13,1,7,0,0,0.032859569598818306,0,0,0
1210.79,Fred,GL1014,0,0,1,0,0,0,0,normal,2024-03-23,E000686,4,2,1,2,0,0,0.032859569598818306,0,0,0
2818.13,Bob,GL1019,0,0,1,0,0,0,0,normal,2024-01-16,E000687,2,14,2,8,0,0,0.00942459238901458,0,0,0
511.35,Bob,GL1004,0,1,1,0,0,0,0,normal,2025-10-17,E000688,2,1,5,1,0,0,0.023575646182951618,1,0,0
625.02,Alice,GL1012,0,0,3,0,0,0,0,normal,2025-07-14,E000689,5,8,6,2,0,0,0.010555812187004202,0,0,0
1411.24,Alice,GL1010,0,0,1,0,0,0,0,normal,2024-10-04,E000690,5,15,1,4,0,0,0.032859569598818306,0,0,0
698.49,Alice,GL1015,2,0,1,0,0,0,0,normal,2024-05-02,E000691,5,11,6,9,0,0,0.010555812187004202,1,0,0
3426.07,Charlie,GL1006,0,0,1,0,0,0,0,normal,2024-06-21,E000692,1,17,3,4,0,0,0.023434977209803698,0,0,0
110.86,Charlie,GL1006,0,0,1,0,0,0,0,normal,2024-12-04,E000693,1,17,1,1,0,0,0.032859569598818306,0,0,0
4012.05,Max,GL1009,0,0,1,0,0,0,0,normal,2025-01-31,E000694,3,9,4,0,0,0,0.013365676215001218,0,0,0
770.07,Fred,GL1016,0,0,1,0,0,0,0,normal,2024-01-12,E000695,4,20,7,7,0,0,0.002158428962162888,0,0,0
461.11,Bob,GL1004,0,0,1,0,0,0,0,normal,2025-12-27,E000696,2,1,4,6,0,0,0.013365676215001218,0,0,0
140.11,Fred,GL1001,0,0,3,0,0,0,0,normal,2024-02-19,E000697,4,7,1,4,0,0,0.032859569598818306,0,0,0
373.99,David,GL1015,0,0,1,0,0,0,0,normal,2024-03-14,E000698,0,11,3,7,0,0,0.023434977209803698,0,0,0
-9942.053103522885,David,GL1004,0,0,1,1,0,6,1,reversal_pattern,2024-05-18,E000699,0,1,9,9,0,1,0.01940541670749528,0,1,0
277.79,Bob,GL1005,0,0,1,0,0,0,0,normal,2024-11-02,E000700,2,0,2,7,0,0,0.00942459238901458,0,0,0
1261.56,Charlie,GL1002,0,0,1,0,0,0,0,normal,2024-08-06,E000701,1,3,1,2,0,0,0.032859569598818306,0,0,0
1013.09,Bob,GL1011,0,0,1,0,0,0,0,normal,2024-06-30,E000702,2,13,1,0,0,0,0.032859569598818306,0,0,0
747.88,Charlie,GL1002,0,0,1,0,0,0,0,normal,2025-10-06,E000703,1,3,7,4,0,0,0.002158428962162888,0,0,0
1298.45,Charlie,GL1003,0,0,1,0,0,0,0,normal,2024-11-25,E000704,1,5,1,2,0,0,0.032859569598818306,0,0,0
514.08,Charlie,GL1002,0,0,1,0,1,0,0,normal,2025-08-29,E000705,1,3,5,1,0,0,0.023575646182951618,0,0,0
440.57,Bob,GL1018,0,0,1,0,0,0,0,normal,2025-10-08,E000706,2,6,4,4,0,0,0.013365676215001218,0,0,0
220.96,Alice,GL1013,0,1,1,0,0,0,0,normal,2025-03-18,E000707,5,16,2,2,0,0,0.00942459238901458,1,0,0
1079.55,David,GL1013,0,0,1,0,0,0,0,normal,2024-02-21,E000708,0,16,1,0,0,0,0.032859569598818306,0,0,0
179.21,Charlie,GL1016,0,0,1,0,0,0,0,normal,2025-06-01,E000709,1,20,1,7,0,0,0.032859569598818306,0,0,0
880.78,David,GL1006,0,0,1,0,0,0,0,normal,2024-02-14,E000710,0,17,8,8,0,0,0.017769783317029733,0,0,0
779.66,Charlie,GL1016,0,0,1,0,0,0,0,normal,2025-10-26,E000711,1,20,7,7,0,0,0.002158428962162888,0,0,0
533.49,Alice,GL1010,0,0,1,0,1,0,0,normal,2025-02-16,E000712,5,15,5,3,0,0,0.023575646182951618,0,0,0
904.52,David,GL1003,0,0,1,0,0,0,0,normal,2025-03-12,E000713,0,5,9,0,0,0,0.01940541670749528,0,0,0
314.18,Bob,GL1014,0,0,1,0,0,0,0,normal,2024-02-28,E000714,2,2,3,1,0,0,0.023434977209803698,0,0,0
768.29,Alice,GL1007,2,0,1,0,0,0,0,normal,2025-06-11,E000715,5,12,7,6,0,0,0.002158428962162888,1,0,0
5026.0,Charlie,GL1000,2,0,1,0,0,2,1,benford_violation,2024-01-05,E000716,1,18,5,0,0,0,0.023575646182951618,1,0,0
665.19,Charlie,GL1008,0,0,1,0,0,0,0,normal,2025-05-20,E000717,1,4,6,6,0,0,0.010555812187004202,0,0,0
2360.75,Alice,GL1013,0,0,1,0,0,0,0,normal,2025-09-04,E000718,5,16,2,3,0,0,0.00942459238901458,0,0,0
346.3,Fred,GL1008,0,0,1,0,0,0,0,normal,2024-07-22,E000719,4,4,3,4,0,0,0.023434977209803698,0,0,0
504.53,Bob,GL1009,0,1,1,0,0,2,0,normal,2024-02-16,E000720,2,9,5,0,0,0,0.023575646182951618,1,0,0
794.01,Charlie,GL1007,0,0,1,1,0,0,0,normal,2024-05-20,E000721,1,12,7,9,0,0,0.002158428962162888,0,0,0
263.03,David,GL1003,0,0,1,0,0,0,0,normal,2024-06-15,E000722,0,5,2,6,0,0,0.00942459238901458,0,0,0
1732.75,Bob,GL1015,0,0,1,0,0,0,0,normal,2024-12-05,E000723,2,11,1,7,0,0,0.032859569598818306,0,0,0
552.86,Alice,GL1004,0,0,1,0,0,0,0,normal,2024-12-14,E000724,5,1,5,5,0,0,0.023575646182951618,0,0,0
1293.97,Bob,GL1004,2,0,1,0,0,0,0,normal,2024-01-11,E000725,2,1,1,2,0,0,0.032859569598818306,1,0,0
186.51,Alice,GL1003,0,0,1,0,0,0,0,normal,2025-07-29,E000726,5,5,1,8,0,0,0.032859569598818306,0,0,0
260.87,Alice,GL1007,0,0,1,0,0,0,0,normal,2024-04-01,E000727,5,12,2,6,0,0,0.00942459238901458,0,0,0
50000.0,Bob,GL1008,0,0,1,1,1,2,1,round_number,2024-02-09,E000728,2,4,5,0,1,0,0.023575646182951618,0,0,0
898.62,Charlie,GL1005,0,0,1,0,0,0,0,normal,2024-03-31,E000729,1,0,8,9,0,0,0.017769783317029733,0,0,0
1003.35,Bob,GL1006,2,0,1,0,0,0,0,normal,2025-11-01,E000730,2,17,1,0,0,0,0.032859569598818306,1,0,0
636.61,Alice,GL1004,0,0,3,0,0,0,0,normal,2025-09-05,E000731,5,1,6,3,0,0,0.010555812187004202,0,0,0
1157.92,David,GL1005,0,0,1,0,0,0,0,normal,2025-04-02,E000732,0,0,1,1,0,0,0.032859569598818306,0,0,0
401.97,Alice,GL1002,0,0,1,0,0,0,0,normal,2025-05-05,E000733,5,3,4,0,0,0,0.013365676215001218,0,0,0
3129.7,Max,GL1015,0,0,1,0,0,0,0,normal,2025-03-28,E000734,3,11,3,1,0,0,0.023434977209803698,0,0,0
708.0,Alice,GL1016,0,0,1,0,0,0,0,normal,2024-03-10,E000735,5,20,7,0,0,0,0.002158428962162888,0,0,0
340.62,Alice,GL1019,0,0,1,0,0,0,0,normal,2024-03-24,E000736,5,14,3,4,0,0,0.023434977209803698,0,0,0
608.72,Fred,GL1015,0,0,1,0,0,0,0,normal,2024-08-30,E000737,4,11,6,0,0,0,0.010555812187004202,0,0,0
1150.42,David,GL1012,0,0,1,0,0,0,0,normal,2025-04-23,E000738,0,8,1,1,0,0,0.032859569598818306,0,0,0
1495.43,David,GL1015,0,1,1,0,0,0,0,normal,2025-03-02,E000739,0,11,1,4,0,0,0.032859569598818306,1,0,0
103.86,Bob,GL1015,0,0,2,0,0,0,0,normal,2025-06-09,E000740,2,11,1,0,0,0,0.032859569598818306,0,0,0
611.04,Bob,GL1016,0,0,1,0,0,0,0,normal,2025-12-14,E000741,2,20,6,1,0,0,0.010555812187004202,0,0,0
1834.48,Fred,GL1004,0,0,1,0,0,0,0,normal,2024-07-18,E000742,4,1,1,8,0,0,0.032859569598818306,0,0,0
509.32,Fred,GL1000,0,0,1,0,1,0,0,normal,2024-12-05,E000743,4,18,5,0,0,0,0.023575646182951618,0,0,0
1057.72,Alice,GL1018,0,0,1,0,0,0,0,normal,2025-08-15,E000744,5,6,1,0,0,0,0.032859569598818306,0,0,0
1066.11,Alice,GL1010,0,0,1,0,0,0,0,normal,2024-11-05,E000745,5,15,1,0,0,0,0.032859569598818306,0,0,0
4375.83,Alice,GL1004,0,0,1,0,0,0,0,normal,2024-07-16,E000746,5,1,4,3,0,0,0.013365676215001218,0,0,0
1538.27,Bob,GL1012,2,0,1,0,0,0,0,normal,2024-12-28,E000747,2,8,1,5,0,0,0.032859569598818306,1,0,0
5003.0,David,GL1009,0,0,1,0,0,2,1,benford_violation,2024-02-23,E000748,0,9,5,0,0,0,0.023575646182951618,0,0,0
1157.17,David,GL1002,0,0,3,0,0,0,0,normal,2025-04-16,E000749,0,3,1,1,0,0,0.032859569598818306,0,0,0
632.0,Alice,GL1008,0,0,1,0,0,5,0,normal,2024-05-11,E000750,5,4,6,3,0,0,0.010555812187004202,0,0,0
12856.83208093838,Max,GL1102,0,1,1,1,0,5,1,novel_user_account,2025-06-30,E000751,3,21,1,2,0,0,0.032859569598818306,1,0,0
46.15,Max,GL1001,0,0,1,0,0,0,0,normal,2025-05-23,E000752,3,7,4,6,0,0,0.013365676215001218,0,0,0
177.62,Bob,GL1001,0,0,1,0,0,0,0,normal,2024-01-11,E000753,2,7,1,7,0,0,0.032859569598818306,0,0,0
576.12,Charlie,GL1015,0,0,1,0,0,0,0,normal,2025-09-23,E000754,1,11,5,7,0,0,0.023575646182951618,0,0,0
696.47,Bob,GL1008,0,0,1,0,0,0,0,normal,2025-08-30,E000755,2,4,6,9,0,0,0.010555812187004202,0,0,0
1355.22,Fred,GL1008,0,0,1,0,0,0,0,normal,2024-04-12,E000756,4,4,1,3,0,0,0.032859569598818306,0,0,0
2939.03,Fred,GL1003,0,0,1,0,0,0,0,normal,2024-04-24,E000757,4,5,2,9,0,0,0.00942459238901458,0,0,0
555.02,Charlie,GL1018,2,0,1,0,0,0,0,normal,2024-03-11,E000758,1,6,5,5,0,0,0.023575646182951618,1,0,0
490.13,Bob,GL1015,0,0,1,0,0,0,0,normal,2025-06-01,E000759,2,11,4,9,0,0,0.013365676215001218,0,0,0
1167.45,Charlie,GL1003,0,0,1,0,0,0,0,normal,2024-12-14,E000760,1,5,1,1,0,0,0.032859569598818306,0,0,0
163.23,Alice,GL1005,0,0,1,0,0,0,0,normal,2025-01-18,E000761,5,0,1,6,0,0,0.032859569598818306,0,0,0
305.13,David,GL1007,0,0,1,0,0,0,0,normal,2025-06-21,E000762,0,12,3,0,0,0,0.023434977209803698,0,0,0
1161.25,Fred,GL1008,0,0,1,0,0,0,0,normal,2025-02-25,E000763,4,4,1,1,0,0,0.032859569598818306,0,0,0
624.15,Bob,GL1015,0,0,1,0,0,0,0,normal,2024-03-15,E000764,2,11,6,2,0,0,0.010555812187004202,0,0,0
100000.0,Bob,GL1002,0,0,1,1,0,2,1,round_number,2024-01-04,E000765,2,3,1,0,1,0,0.032859569598818306,0,0,0
3152.11,Alice,GL1003,0,0,1,0,0,0,0,normal,2024-04-08,E000766,5,5,3,1,0,0,0.023434977209803698,0,0,0
360.38,Bob,GL1012,0,0,1,0,0,0,0,normal,2025-10-26,E000767,2,8,3,6,0,0,0.023434977209803698,0,0,0
987.42,Bob,GL1007,0,0,1,0,0,0,0,normal,2025-03-01,E000768,2,12,9,8,0,0,0.01940541670749528,0,0,0
649.84,Fred,GL1001,0,0,1,0,0,0,0,normal,2025-03-14,E000769,4,7,6,4,0,0,0.010555812187004202,0,0,0
279.05,Alice,GL1002,0,0,1,0,0,0,0,normal,2024-01-19,E000770,5,3,2,7,0,0,0.00942459238901458,0,0,0
334.7,Charlie,GL1001,0,0,1,0,0,0,0,normal,2025-03-13,E000771,1,7,3,3,0,0,0.023434977209803698,0,0,0
565.91,Charlie,GL1003,0,0,1,0,0,0,0,normal,2024-04-22,E000772,1,5,5,6,0,0,0.023575646182951618,0,0,0
325.47,Fred,GL1013,0,0,1,0,0,0,0,normal,2025-11-24,E000773,4,16,3,2,0,0,0.023434977209803698,0,0,0
1305.69,Alice,GL1017,0,0,1,0,0,0,0,normal,2025-11-14,E000774,5,10,1,3,0,0,0.032859569598818306,0,0,0
925.08,David,GL1010,0,0,1,0,0,0,0,normal,2024-06-07,E000775,0,15,9,2,0,0,0.01940541670749528,0,0,0
965.36,Alice,GL1002,0,0,1,0,0,0,0,normal,2024-11-26,E000776,5,3,9,6,0,0,0.01940541670749528,0,0,0
402.11,Bob,GL1015,2,1,1,0,0,4,1,weekend_latenight,2025-06-25,E000777,2,11,4,0,0,0,0.013365676215001218,1,0,0
1123.71,Fred,GL1018,0,0,1,0,0,0,0,normal,2024-07-14,E000778,4,6,1,1,0,0,0.032859569598818306,0,0,0
654.71,Alice,GL1009,0,0,1,0,0,0,0,normal,2025-07-18,E000779,5,9,6,5,0,0,0.010555812187004202,0,0,0
468.33,Bob,GL1014,0,0,1,0,0,0,0,normal,2025-03-04,E000780,2,2,4,6,0,0,0.013365676215001218,0,0,0
488.77,Bob,GL1003,0,0,1,0,0,0,0,normal,2025-06-12,E000781,2,5,4,8,0,0,0.013365676215001218,0,0,0
294.44,Fred,GL1008,0,0,1,1,0,0,0,normal,2024-07-05,E000782,4,4,2,9,0,0,0.00942459238901458,0,0,0
1438.15,Alice,GL1010,0,0,1,0,0,0,0,normal,2024-08-20,E000783,5,15,1,4,0,0,0.032859569598818306,0,0,0
672.66,Fred,GL1007,0,1,1,0,0,0,0,normal,2025-07-29,E000784,4,12,6,7,0,0,0.010555812187004202,1,0,0
897.63,Alice,GL1017,0,0,1,0,0,0,0,normal,2024-07-05,E000785,5,10,8,9,0,0,0.017769783317029733,0,0,0
2591.79,Alice,GL1001,0,0,1,0,0,0,0,normal,2024-07-22,E000786,5,7,2,5,0,0,0.00942459238901458,0,0,0
495.27,Max,GL1019,0,0,1,0,0,0,0,normal,2024-10-13,E000787,3,14,4,9,0,0,0.013365676215001218,0,0,0
510.88,Alice,GL1004,0,0,2,0,0,0,0,normal,2025-02-28,E000788,5,1,5,1,0,0,0.023575646182951618,0,0,0
781.6,Alice,GL1017,0,0,1,0,0,0,0,normal,2024-04-10,E000789,5,10,7,8,0,0,0.002158428962162888,0,0,0
321.84,Bob,GL1008,0,0,3,0,0,0,0,normal,2025-03-04,E000790,2,4,3,2,0,0,0.023434977209803698,0,0,0
563.19,David,GL1007,0,0,1,0,0,0,0,normal,2024-05-26,E000791,0,12,5,6,0,0,0.023575646182951618,0,0,0
1811.06,Bob,GL1018,0,0,1,0,0,0,0,normal,2025-11-11,E000792,2,6,1,8,0,0,0.032859569598818306,0,0,0
239.86,Max,GL1014,0,0,1,0,0,0,0,normal,2025-04-27,E000793,3,2,2,3,0,0,0.00942459238901458,0,0,0
282.87,Max,GL1010,0,0,1,0,0,0,0,normal,2024-02-25,E000794,3,15,2,8,0,0,0.00942459238901458,0,0,0
347.44,Bob,GL1004,1,0,1,0,0,0,0,normal,2024-05-16,E000795,2,1,3,4,0,0,0.023434977209803698,1,0,0
385.87,Charlie,GL1016,0,0,1,0,0,0,0,normal,2024-07-06,E000796,1,20,3,8,0,0,0.023434977209803698,0,0,0
482.68,Alice,GL1017,0,0,1,0,0,0,0,normal,2025-07-30,E000797,5,10,4,8,0,0,0.013365676215001218,0,0,0
