strategy,seed,noise_rate,n_reviews,precision,recall,f1,accuracy,fpr,n_flagged,n_positive,roc_auc,average_precision
no_hitl,0,0.0,0,0.7903225806451613,0.7903225806451613,0.7903225806451613,0.9674185463659147,0.017663043478260868,62,62,0.9778225806451614,0.9010091129825872
no_hitl,0,0.0,10,0.7903225806451613,0.7903225806451613,0.7903225806451613,0.9674185463659147,0.017663043478260868,62,62,0.9778225806451614,0.9010091129825872
no_hitl,0,0.0,20,0.7903225806451613,0.7903225806451613,0.7903225806451613,0.9674185463659147,0.017663043478260868,62,62,0.9778225806451614,0.9010091129825872
no_hitl,0,0.0,30,0.7903225806451613,0.7903225806451613,0.7903225806451613,0.9674185463659147,0.017663043478260868,62,62,0.9778225806451614,0.9010091129825872
no_hitl,0,0.0,40,0.7903225806451613,0.7903225806451613,0.7903225806451613,0.9674185463659147,0.017663043478260868,62,62,0.9778225806451614,0.9010091129825872
no_hitl,0,0.0,50,0.7903225806451613,0.7903225806451613,0.7903225806451613,0.9674185463659147,0.017663043478260868,62,62,0.9778225806451614,0.9010091129825872
no_hitl,0,0.0,60,0.7903225806451613,0.7903225806451613,0.7903225806451613,0.9674185463659147,0.017663043478260868,62,62,0.9778225806451614,0.9010091129825872
no_hitl,0,0.0,70,0.7903225806451613,0.7903225806451613,0.7903225806451613,0.9674185463659147,0.017663043478260868,62,62,0.9778225806451614,0.9010091129825872
no_hitl,0,0.0,80,0.7903225806451613,0.7903225806451613,0.7903225806451613,0.9674185463659147,0.017663043478260868,62,62,0.9778225806451614,0.9010091129825872
no_hitl,0,0.0,90,0.7903225806451613,0.7903225806451613,0.7903225806451613,0.9674185463659147,0.017663043478260868,62,62,0.9778225806451614,0.9010091129825872
no_hitl,0,0.0,100,0.7903225806451613,0.7903225806451613,0.7903225806451613,0.9674185463659147,0.017663043478260868,62,62,0.9778225806451614,0.9010091129825872
no_hitl,1,0.0,0,0.8387096774193549,0.8387096774193549,0.8387096774193549,0.974937343358396,0.01358695652173913,62,62,0.9795319074333801,0.9058122916919441
no_hitl,1,0.0,10,0.8387096774193549,0.8387096774193549,0.8387096774193549,0.974937343358396,0.01358695652173913,62,62,0.9795319074333801,0.9058122916919441
no_hitl,1,0.0,20,0.8387096774193549,0.8387096774193549,0.8387096774193549,0.974937343358396,0.01358695652173913,62,62,0.9795319074333801,0.9058122916919441
no_hitl,1,0.0,30,0.8387096774193549,0.8387096774193549,0.8387096774193549,0.974937343358396,0.01358695652173913,62,62,0.9795319074333801,0.9058122916919441
no_hitl,1,0.0,40,0.8387096774193549,0.8387096774193549,0.8387096774193549,0.974937343358396,0.01358695652173913,62,62,0.9795319074333801,0.9058122916919441
no_hitl,1,0.0,50,0.8387096774193549,0.8387096774193549,0.8387096774193549,0.974937343358396,0.01358695652173913,62,62,0.9795319074333801,0.9058122916919441
no_hitl,1,0.0,60,0.8387096774193549,0.8387096774193549,0.8387096774193549,0.974937343358396,0.01358695652173913,62,62,0.9795319074333801,0.9058122916919441
no_hitl,1,0.0,70,0.8387096774193549,0.8387096774193549,0.8387096774193549,0.974937343358396,0.01358695652173913,62,62,0.9795319074333801,0.9058122916919441
no_hitl,1,0.0,80,0.8387096774193549,0.8387096774193549,0.8387096774193549,0.974937343358396,0.01358695652173913,62,62,0.9795319074333801,0.9058122916919441
no_hitl,1,0.0,90,0.8387096774193549,0.8387096774193549,0.8387096774193549,0.974937343358396,0.01358695652173913,62,62,0.9795319074333801,0.9058122916919441
no_hitl,1,0.0,100,0.8387096774193549,0.8387096774193549,0.8387096774193549,0.974937343358396,0.01358695652173913,62,62,0.9795319074333801,0.9058122916919441
no_hitl,2,0.0,0,0.8709677419354839,0.8709677419354839,0.8709677419354839,0.9799498746867168,0.010869565217391304,62,62,0.9795976507713885,0.9148812042693945
no_hitl,2,0.0,10,0.8709677419354839,0.8709677419354839,0.8709677419354839,0.9799498746867168,0.010869565217391304,62,62,0.9795976507713885,0.9148812042693945
no_hitl,2,0.0,20,0.8709677419354839,0.8709677419354839,0.8709677419354839,0.9799498746867168,0.010869565217391304,62,62,0.9795976507713885,0.9148812042693945
no_hitl,2,0.0,30,0.8709677419354839,0.8709677419354839,0.8709677419354839,0.9799498746867168,0.010869565217391304,62,62,0.9795976507713885,0.9148812042693945
no_hitl,2,0.0,40,0.8709677419354839,0.8709677419354839,0.8709677419354839,0.9799498746867168,0.010869565217391304,62,62,0.9795976507713885,0.9148812042693945
no_hitl,2,0.0,50,0.8709677419354839,0.8709677419354839,0.8709677419354839,0.9799498746867168,0.010869565217391304,62,62,0.9795976507713885,0.9148812042693945
no_hitl,2,0.0,60,0.8709677419354839,0.8709677419354839,0.8709677419354839,0.9799498746867168,0.010869565217391304,62,62,0.9795976507713885,0.9148812042693945
no_hitl,2,0.0,70,0.8709677419354839,0.8709677419354839,0.8709677419354839,0.9799498746867168,0.010869565217391304,62,62,0.9795976507713885,0.9148812042693945
no_hitl,2,0.0,80,0.8709677419354839,0.8709677419354839,0.8709677419354839,0.9799498746867168,0.010869565217391304,62,62,0.9795976507713885,0.9148812042693945
no_hitl,2,0.0,90,0.8709677419354839,0.8709677419354839,0.8709677419354839,0.9799498746867168,0.010869565217391304,62,62,0.9795976507713885,0.9148812042693945
no_hitl,2,0.0,100,0.8709677419354839,0.8709677419354839,0.8709677419354839,0.9799498746867168,0.010869565217391304,62,62,0.9795976507713885,0.9148812042693945
threshold_adjustment,0,0.0,0,0.7903225806451613,0.7903225806451613,0.7903225806451613,0.9674185463659147,0.017663043478260868,62,62,0.9778225806451614,0.9010091129825872
threshold_adjustment,0,0.0,10,0.7903225806451613,0.7903225806451613,0.7903225806451613,0.9674185463659147,0.017663043478260868,62,62,0.9778225806451614,0.9010091129825872
threshold_adjustment,0,0.0,20,0.7903225806451613,0.7903225806451613,0.7903225806451613,0.9674185463659147,0.017663043478260868,62,62,0.9778225806451614,0.9010091129825872
threshold_adjustment,0,0.0,30,0.7903225806451613,0.7903225806451613,0.7903225806451613,0.9674185463659147,0.017663043478260868,62,62,0.9778225806451614,0.9010091129825872
threshold_adjustment,0,0.0,40,0.7903225806451613,0.7903225806451613,0.7903225806451613,0.9674185463659147,0.017663043478260868,62,62,0.9778225806451614,0.9010091129825872
threshold_adjustment,0,0.0,50,0.7903225806451613,0.7903225806451613,0.7903225806451613,0.9674185463659147,0.017663043478260868,62,62,0.9778225806451614,0.9010091129825872
threshold_adjustment,0,0.0,60,0.7903225806451613,0.7903225806451613,0.7903225806451613,0.9674185463659147,0.017663043478260868,62,62,0.9778225806451614,0.9010091129825872
threshold_adjustment,0,0.0,70,0.7903225806451613,0.7903225806451613,0.7903225806451613,0.9674185463659147,0.017663043478260868,62,62,0.9778225806451614,0.9010091129825872
threshold_adjustment,0,0.0,80,0.7903225806451613,0.7903225806451613,0.7903225806451613,0.9674185463659147,0.017663043478260868,62,62,0.9778225806451614,0.9010091129825872
threshold_adjustment,0,0.0,90,0.7903225806451613,0.7903225806451613,0.7903225806451613,0.9674185463659147,0.017663043478260868,62,62,0.9778225806451614,0.9010091129825872
threshold_adjustment,0,0.0,100,0.7903225806451613,0.7903225806451613,0.7903225806451613,0.9674185463659147,0.017663043478260868,62,62,0.9778225806451614,0.9010091129825872
threshold_adjustment,1,0.0,0,0.8387096774193549,0.8387096774193549,0.8387096774193549,0.974937343358396,0.01358695652173913,62,62,0.9795319074333801,0.9058122916919441
threshold_adjustment,1,0.0,10,0.8387096774193549,0.8387096774193549,0.8387096774193549,0.974937343358396,0.01358695652173913,62,62,0.9795319074333801,0.9058122916919441
threshold_adjustment,1,0.0,20,0.8387096774193549,0.8387096774193549,0.8387096774193549,0.974937343358396,0.01358695652173913,62,62,0.9795319074333801,0.9058122916919441
threshold_adjustment,1,0.0,30,0.8387096774193549,0.8387096774193549,0.8387096774193549,0.974937343358396,0.01358695652173913,62,62,0.9795319074333801,0.9058122916919441
threshold_adjustment,1,0.0,40,0.8387096774193549,0.8387096774193549,0.8387096774193549,0.974937343358396,0.01358695652173913,62,62,0.9795319074333801,0.9058122916919441
threshold_adjustment,1,0.0,50,0.8387096774193549,0.8387096774193549,0.8387096774193549,0.974937343358396,0.01358695652173913,62,62,0.9795319074333801,0.9058122916919441
threshold_adjustment,1,0.0,60,0.8387096774193549,0.8387096774193549,0.8387096774193549,0.974937343358396,0.01358695652173913,62,62,0.9795319074333801,0.9058122916919441
threshold_adjustment,1,0.0,70,0.8387096774193549,0.8387096774193549,0.8387096774193549,0.974937343358396,0.01358695652173913,62,62,0.9795319074333801,0.9058122916919441
threshold_adjustment,1,0.0,80,0.8387096774193549,0.8387096774193549,0.8387096774193549,0.974937343358396,0.01358695652173913,62,62,0.9795319074333801,0.9058122916919441
threshold_adjustment,1,0.0,90,0.8387096774193549,0.8387096774193549,0.8387096774193549,0.974937343358396,0.01358695652173913,62,62,0.9795319074333801,0.9058122916919441
threshold_adjustment,1,0.0,100,0.8387096774193549,0.8387096774193549,0.8387096774193549,0.974937343358396,0.01358695652173913,62,62,0.9795319074333801,0.9058122916919441
threshold_adjustment,2,0.0,0,0.8709677419354839,0.8709677419354839,0.8709677419354839,0.9799498746867168,0.010869565217391304,62,62,0.9795976507713885,0.9148812042693945
threshold_adjustment,2,0.0,10,0.8709677419354839,0.8709677419354839,0.8709677419354839,0.9799498746867168,0.010869565217391304,62,62,0.9795976507713885,0.9148812042693945
threshold_adjustment,2,0.0,20,0.8709677419354839,0.8709677419354839,0.8709677419354839,0.9799498746867168,0.010869565217391304,62,62,0.9795976507713885,0.9148812042693945
threshold_adjustment,2,0.0,30,0.8709677419354839,0.8709677419354839,0.8709677419354839,0.9799498746867168,0.010869565217391304,62,62,0.9795976507713885,0.9148812042693945
threshold_adjustment,2,0.0,40,0.8709677419354839,0.8709677419354839,0.8709677419354839,0.9799498746867168,0.010869565217391304,62,62,0.9795976507713885,0.9148812042693945
threshold_adjustment,2,0.0,50,0.8709677419354839,0.8709677419354839,0.8709677419354839,0.9799498746867168,0.010869565217391304,62,62,0.9795976507713885,0.9148812042693945
threshold_adjustment,2,0.0,60,0.8709677419354839,0.8709677419354839,0.8709677419354839,0.9799498746867168,0.010869565217391304,62,62,0.9795976507713885,0.9148812042693945
threshold_adjustment,2,0.0,70,0.8709677419354839,0.8709677419354839,0.8709677419354839,0.9799498746867168,0.010869565217391304,62,62,0.9795976507713885,0.9148812042693945
threshold_adjustment,2,0.0,80,0.8709677419354839,0.8709677419354839,0.8709677419354839,0.9799498746867168,0.010869565217391304,62,62,0.9795976507713885,0.9148812042693945
threshold_adjustment,2,0.0,90,0.8709677419354839,0.8709677419354839,0.8709677419354839,0.9799498746867168,0.010869565217391304,62,62,0.9795976507713885,0.9148812042693945
threshold_adjustment,2,0.0,100,0.8709677419354839,0.8709677419354839,0.8709677419354839,0.9799498746867168,0.010869565217391304,62,62,0.9795976507713885,0.9148812042693945
preference_model,0,0.0,0,0.7903225806451613,0.7903225806451613,0.7903225806451613,0.9674185463659147,0.017663043478260868,62,62,0.9778225806451614,0.9010091129825872
preference_model,0,0.0,10,0.7903225806451613,0.7903225806451613,0.7903225806451613,0.9674185463659147,0.017663043478260868,62,62,0.9778225806451614,0.9010091129825872
preference_model,0,0.0,20,0.7903225806451613,0.7903225806451613,0.7903225806451613,0.9674185463659147,0.017663043478260868,62,62,0.9778225806451614,0.9010091129825872
preference_model,0,0.0,30,0.7903225806451613,0.7903225806451613,0.7903225806451613,0.9674185463659147,0.017663043478260868,62,62,0.9778225806451614,0.9010091129825872
preference_model,0,0.0,40,0.7903225806451613,0.7903225806451613,0.7903225806451613,0.9674185463659147,0.017663043478260868,62,62,0.9920340988779803,0.8970463497442527
preference_model,0,0.0,50,0.8387096774193549,0.8387096774193549,0.8387096774193549,0.974937343358396,0.01358695652173913,62,62,0.9882319424964937,0.9208441061090361
preference_model,0,0.0,60,0.9516129032258065,0.9516129032258065,0.9516129032258065,0.9924812030075187,0.004076086956521739,62,62,0.9995178821879382,0.994050360245326
preference_model,0,0.0,70,0.9838709677419355,0.9838709677419355,0.9838709677419355,0.9974937343358395,0.001358695652173913,62,62,0.9999452138849929,0.9992555831265509
preference_model,0,0.0,80,1.0,1.0,1.0,1.0,0.0,62,62,1.0,1.0
preference_model,0,0.0,90,1.0,1.0,1.0,1.0,0.0,62,62,1.0,1.0
preference_model,0,0.0,100,1.0,1.0,1.0,1.0,0.0,62,62,1.0,1.0
preference_model,1,0.0,0,0.8387096774193549,0.8387096774193549,0.8387096774193549,0.974937343358396,0.01358695652173913,62,62,0.9795319074333801,0.9058122916919441
preference_model,1,0.0,10,0.8387096774193549,0.8387096774193549,0.8387096774193549,0.974937343358396,0.01358695652173913,62,62,0.9795319074333801,0.9058122916919441
preference_model,1,0.0,20,0.8387096774193549,0.8387096774193549,0.8387096774193549,0.974937343358396,0.01358695652173913,62,62,0.9795319074333801,0.9058122916919441
preference_model,1,0.0,30,0.8387096774193549,0.8387096774193549,0.8387096774193549,0.974937343358396,0.01358695652173913,62,62,0.9795319074333801,0.9058122916919441
preference_model,1,0.0,40,0.8225806451612904,0.8225806451612904,0.8225806451612904,0.9724310776942355,0.014945652173913044,62,62,0.993929698457223,0.9206922760015015
preference_model,1,0.0,50,0.7741935483870968,0.7741935483870968,0.7741935483870968,0.9649122807017544,0.019021739130434784,62,62,0.9580228786816269,0.8638641448253752
preference_model,1,0.0,60,0.8709677419354839,0.8709677419354839,0.8709677419354839,0.9799498746867168,0.010869565217391304,62,62,0.9930312061711081,0.9464814297600629
preference_model,1,0.0,70,1.0,1.0,1.0,1.0,0.0,62,62,1.0,1.0
preference_model,1,0.0,80,1.0,1.0,1.0,1.0,0.0,62,62,1.0,0.9999999999999999
preference_model,1,0.0,90,1.0,1.0,1.0,1.0,0.0,62,62,1.0,1.0000000000000002
preference_model,1,0.0,100,1.0,1.0,1.0,1.0,0.0,62,62,1.0,1.0
preference_model,2,0.0,0,0.8709677419354839,0.8709677419354839,0.8709677419354839,0.9799498746867168,0.010869565217391304,62,62,0.9795976507713885,0.9148812042693945
preference_model,2,0.0,10,0.8709677419354839,0.8709677419354839,0.8709677419354839,0.9799498746867168,0.010869565217391304,62,62,0.9795976507713885,0.9148812042693945
preference_model,2,0.0,20,0.8709677419354839,0.8709677419354839,0.8709677419354839,0.9799498746867168,0.010869565217391304,62,62,0.9795976507713885,0.9148812042693945
preference_model,2,0.0,30,0.8709677419354839,0.8709677419354839,0.8709677419354839,0.9799498746867168,0.010869565217391304,62,62,0.9795976507713885,0.9148812042693945
preference_model,2,0.0,40,0.7741935483870968,0.7741935483870968,0.7741935483870968,0.9649122807017544,0.019021739130434784,62,62,0.9885277875175316,0.7931250234417506
preference_model,2,0.0,50,0.9193548387096774,0.9193548387096774,0.9193548387096774,0.9874686716791979,0.006793478260869565,62,62,0.9968662342215988,0.9693189647358471
preference_model,2,0.0,60,0.8709677419354839,0.8709677419354839,0.8709677419354839,0.9799498746867168,0.010869565217391304,62,62,0.9965484747545582,0.9666450877379382
preference_model,2,0.0,70,1.0,1.0,1.0,1.0,0.0,62,62,1.0,1.0
preference_model,2,0.0,80,1.0,1.0,1.0,1.0,0.0,62,62,1.0,1.0
preference_model,2,0.0,90,1.0,1.0,1.0,1.0,0.0,62,62,1.0,1.0
preference_model,2,0.0,100,1.0,1.0,1.0,1.0,0.0,62,62,0.9999999999999999,1.0000000000000002
active_learning,0,0.0,0,0.7903225806451613,0.7903225806451613,0.7903225806451613,0.9674185463659147,0.017663043478260868,62,62,0.9778225806451614,0.9010091129825872
active_learning,0,0.0,10,0.7903225806451613,0.7903225806451613,0.7903225806451613,0.9674185463659147,0.017663043478260868,62,62,0.9778225806451614,0.9010091129825872
active_learning,0,0.0,20,0.7903225806451613,0.7903225806451613,0.7903225806451613,0.9674185463659147,0.017663043478260868,62,62,0.9778225806451614,0.9010091129825872
active_learning,0,0.0,30,0.7903225806451613,0.7903225806451613,0.7903225806451613,0.9674185463659147,0.017663043478260868,62,62,0.9778225806451614,0.9010091129825872
active_learning,0,0.0,40,0.7903225806451613,0.7903225806451613,0.7903225806451613,0.9674185463659147,0.017663043478260868,62,62,0.9920340988779803,0.8970463497442527
active_learning,0,0.0,50,0.9354838709677419,0.9354838709677419,0.9354838709677419,0.9899749373433584,0.005434782608695652,62,62,0.9969977208976157,0.9632266499869816
active_learning,0,0.0,60,0.9032258064516129,0.9032258064516129,0.9032258064516129,0.9849624060150376,0.008152173913043478,62,62,0.9983783309957924,0.9817162562454865
active_learning,0,0.0,70,0.9354838709677419,0.9354838709677419,0.9354838709677419,0.9899749373433584,0.005434782608695652,62,62,0.9986851332398317,0.9827181969845364
active_learning,0,0.0,80,0.967741935483871,0.967741935483871,0.967741935483871,0.9949874686716792,0.002717391304347826,62,62,0.9993863955119215,0.9919168020436924
active_learning,0,0.0,90,0.9838709677419355,0.9838709677419355,0.9838709677419355,0.9974937343358395,0.001358695652173913,62,62,0.9999561711079944,0.9994838379333696
active_learning,0,0.0,100,1.0,1.0,1.0,1.0,0.0,62,62,1.0,1.0
active_learning,1,0.0,0,0.8387096774193549,0.8387096774193549,0.8387096774193549,0.974937343358396,0.01358695652173913,62,62,0.9795319074333801,0.9058122916919441
active_learning,1,0.0,10,0.8387096774193549,0.8387096774193549,0.8387096774193549,0.974937343358396,0.01358695652173913,62,62,0.9795319074333801,0.9058122916919441
active_learning,1,0.0,20,0.8387096774193549,0.8387096774193549,0.8387096774193549,0.974937343358396,0.01358695652173913,62,62,0.9795319074333801,0.9058122916919441
active_learning,1,0.0,30,0.8387096774193549,0.8387096774193549,0.8387096774193549,0.974937343358396,0.01358695652173913,62,62,0.9795319074333801,0.9058122916919441
active_learning,1,0.0,40,0.8225806451612904,0.8225806451612904,0.8225806451612904,0.9724310776942355,0.014945652173913044,62,62,0.993929698457223,0.9206922760015015
active_learning,1,0.0,50,0.8709677419354839,0.8709677419354839,0.8709677419354839,0.9799498746867168,0.010869565217391304,62,62,0.9971839936886395,0.9686775524856803
active_learning,1,0.0,60,0.9032258064516129,0.9032258064516129,0.9032258064516129,0.9849624060150376,0.008152173913043478,62,62,0.9976989831697055,0.97444443984348
active_learning,1,0.0,70,0.8548387096774194,0.8548387096774194,0.8548387096774194,0.9774436090225563,0.012228260869565218,62,62,0.9965484747545582,0.9644598317473319
active_learning,1,0.0,80,0.9516129032258065,0.9516129032258065,0.9516129032258065,0.9924812030075187,0.004076086956521739,62,62,0.9992001227208976,0.990574745193411
active_learning,1,0.0,90,0.967741935483871,0.967741935483871,0.967741935483871,0.9949874686716792,0.002717391304347826,62,62,0.9998685133239831,0.9981948264043737
active_learning,1,0.0,100,0.967741935483871,0.967741935483871,0.967741935483871,0.9949874686716792,0.002717391304347826,62,62,0.9999123422159888,0.9989839349718381
active_learning,2,0.0,0,0.8709677419354839,0.8709677419354839,0.8709677419354839,0.9799498746867168,0.010869565217391304,62,62,0.9795976507713885,0.9148812042693945
active_learning,2,0.0,10,0.8709677419354839,0.8709677419354839,0.8709677419354839,0.9799498746867168,0.010869565217391304,62,62,0.9795976507713885,0.9148812042693945
active_learning,2,0.0,20,0.8709677419354839,0.8709677419354839,0.8709677419354839,0.9799498746867168,0.010869565217391304,62,62,0.9795976507713885,0.9148812042693945
active_learning,2,0.0,30,0.8709677419354839,0.8709677419354839,0.8709677419354839,0.9799498746867168,0.010869565217391304,62,62,0.9795976507713885,0.9148812042693945
active_learning,2,0.0,40,0.7741935483870968,0.7741935483870968,0.7741935483870968,0.9649122807017544,0.019021739130434784,62,62,0.9885277875175316,0.7931250234417506
active_learning,2,0.0,50,0.967741935483871,0.967741935483871,0.967741935483871,0.9949874686716792,0.002717391304347826,62,62,0.9992987377279101,0.990713762151668
active_learning,2,0.0,60,0.9516129032258065,0.9516129032258065,0.9516129032258065,0.9924812030075187,0.004076086956521739,62,62,0.9995726683029452,0.994687256282319
active_learning,2,0.0,70,0.967741935483871,0.967741935483871,0.967741935483871,0.9949874686716792,0.002717391304347826,62,62,0.9995726683029453,0.9947642233119419
active_learning,2,0.0,80,0.9838709677419355,0.9838709677419355,0.9838709677419355,0.9974937343358395,0.001358695652173913,62,62,0.9998904277699859,0.9987623372118688
active_learning,2,0.0,90,0.9838709677419355,0.9838709677419355,0.9838709677419355,0.9974937343358395,0.001358695652173913,62,62,0.9999780855539971,0.9997439836149513
active_learning,2,0.0,100,1.0,1.0,1.0,1.0,0.0,62,62,1.0,0.9999999999999999
hybrid_scoring,0,0.0,0,0.7903225806451613,0.7903225806451613,0.7903225806451613,0.9674185463659147,0.017663043478260868,62,62,0.9778225806451614,0.9010091129825872
hybrid_scoring,0,0.0,10,0.7903225806451613,0.7903225806451613,0.7903225806451613,0.9674185463659147,0.017663043478260868,62,62,0.9778225806451614,0.9010091129825872
hybrid_scoring,0,0.0,20,0.7903225806451613,0.7903225806451613,0.7903225806451613,0.9674185463659147,0.017663043478260868,62,62,0.9778225806451614,0.9010091129825872
hybrid_scoring,0,0.0,30,0.7903225806451613,0.7903225806451613,0.7903225806451613,0.9674185463659147,0.017663043478260868,62,62,0.9778225806451614,0.9010091129825872
hybrid_scoring,0,0.0,40,0.8709677419354839,0.8709677419354839,0.8709677419354839,0.9799498746867168,0.010869565217391304,62,62,0.98742110799439,0.940731842843746
hybrid_scoring,0,0.0,50,0.9032258064516129,0.9032258064516129,0.9032258064516129,0.9849624060150376,0.008152173913043478,62,62,0.9840243688639552,0.9356103108792752
hybrid_scoring,0,0.0,60,0.9354838709677419,0.9354838709677419,0.9354838709677419,0.9899749373433584,0.005434782608695652,62,62,0.995047335203366,0.9683867637024184
hybrid_scoring,0,0.0,70,0.9354838709677419,0.9354838709677419,0.9354838709677419,0.9899749373433584,0.005434782608695652,62,62,0.9972387798036466,0.9781075803782106
hybrid_scoring,0,0.0,80,0.9354838709677419,0.9354838709677419,0.9354838709677419,0.9899749373433584,0.005434782608695652,62,62,0.9981811009817672,0.9837615223812451
hybrid_scoring,0,0.0,90,0.9516129032258065,0.9516129032258065,0.9516129032258065,0.9924812030075187,0.004076086956521739,62,62,0.9993644810659186,0.9934066435599925
hybrid_scoring,0,0.0,100,0.967741935483871,0.967741935483871,0.967741935483871,0.9949874686716792,0.002717391304347826,62,62,0.9997370266479663,0.9970412169238897
hybrid_scoring,1,0.0,0,0.8387096774193549,0.8387096774193549,0.8387096774193549,0.974937343358396,0.01358695652173913,62,62,0.9795319074333801,0.9058122916919441
hybrid_scoring,1,0.0,10,0.8387096774193549,0.8387096774193549,0.8387096774193549,0.974937343358396,0.01358695652173913,62,62,0.9795319074333801,0.9058122916919441
hybrid_scoring,1,0.0,20,0.8387096774193549,0.8387096774193549,0.8387096774193549,0.974937343358396,0.01358695652173913,62,62,0.9795319074333801,0.9058122916919441
hybrid_scoring,1,0.0,30,0.8387096774193549,0.8387096774193549,0.8387096774193549,0.974937343358396,0.01358695652173913,62,62,0.9795319074333801,0.9058122916919441
hybrid_scoring,1,0.0,40,0.8709677419354839,0.8709677419354839,0.8709677419354839,0.9799498746867168,0.010869565217391304,62,62,0.9895248948106593,0.9439620325507091
hybrid_scoring,1,0.0,50,0.8709677419354839,0.8709677419354839,0.8709677419354839,0.9799498746867168,0.010869565217391304,62,62,0.9840462833099578,0.9326978861700184
hybrid_scoring,1,0.0,60,0.9354838709677419,0.9354838709677419,0.9354838709677419,0.9899749373433584,0.005434782608695652,62,62,0.9969100631136045,0.9759484652797827
hybrid_scoring,1,0.0,70,0.9354838709677419,0.9354838709677419,0.9354838709677419,0.9899749373433584,0.005434782608695652,62,62,0.9972387798036466,0.9789378027556548
hybrid_scoring,1,0.0,80,0.9354838709677419,0.9354838709677419,0.9354838709677419,0.9899749373433584,0.005434782608695652,62,62,0.9989261921458624,0.989298977428051
hybrid_scoring,1,0.0,90,0.967741935483871,0.967741935483871,0.967741935483871,0.9949874686716792,0.002717391304347826,62,62,0.9997370266479664,0.9970744454088397
hybrid_scoring,1,0.0,100,0.9838709677419355,0.9838709677419355,0.9838709677419355,0.9974937343358395,0.001358695652173913,62,62,0.9998246844319777,0.9980029676254949
hybrid_scoring,2,0.0,0,0.8709677419354839,0.8709677419354839,0.8709677419354839,0.9799498746867168,0.010869565217391304,62,62,0.9795976507713885,0.9148812042693945
hybrid_scoring,2,0.0,10,0.8709677419354839,0.8709677419354839,0.8709677419354839,0.9799498746867168,0.010869565217391304,62,62,0.9795976507713885,0.9148812042693945
hybrid_scoring,2,0.0,20,0.8709677419354839,0.8709677419354839,0.8709677419354839,0.9799498746867168,0.010869565217391304,62,62,0.9795976507713885,0.9148812042693945
hybrid_scoring,2,0.0,30,0.8709677419354839,0.8709677419354839,0.8709677419354839,0.9799498746867168,0.010869565217391304,62,62,0.9795976507713885,0.9148812042693945
hybrid_scoring,2,0.0,40,0.9032258064516129,0.9032258064516129,0.9032258064516129,0.9849624060150376,0.008152173913043478,62,62,0.9876402524544179,0.9447178083648071
hybrid_scoring,2,0.0,50,0.9032258064516129,0.9032258064516129,0.9032258064516129,0.9849624060150376,0.008152173913043478,62,62,0.9868294179523142,0.942707006042029
hybrid_scoring,2,0.0,60,0.9193548387096774,0.9193548387096774,0.9193548387096774,0.9874686716791979,0.006793478260869565,62,62,0.9937543828892006,0.9635523261132802
hybrid_scoring,2,0.0,70,0.9354838709677419,0.9354838709677419,0.9354838709677419,0.9899749373433584,0.005434782608695652,62,62,0.9980934431977561,0.9828833843108546
hybrid_scoring,2,0.0,80,0.9354838709677419,0.9354838709677419,0.9354838709677419,0.9899749373433584,0.005434782608695652,62,62,0.998772791023843,0.9879960597433235
hybrid_scoring,2,0.0,90,0.9516129032258065,0.9516129032258065,0.9516129032258065,0.9924812030075187,0.004076086956521739,62,62,0.9996274544179522,0.9959025565121737
hybrid_scoring,2,0.0,100,0.967741935483871,0.967741935483871,0.967741935483871,0.9949874686716792,0.002717391304347826,62,62,0.9998027699859747,0.9977104261719897
rule_mining,0,0.0,0,0.7903225806451613,0.7903225806451613,0.7903225806451613,0.9674185463659147,0.017663043478260868,62,62,0.9778225806451614,0.9010091129825872
rule_mining,0,0.0,10,0.5645161290322581,0.5645161290322581,0.5645161290322581,0.9323308270676691,0.036684782608695655,62,62,0.9124298737727911,0.6601099952294571
rule_mining,0,0.0,20,0.3709677419354839,0.3709677419354839,0.3709677419354839,0.9022556390977443,0.05298913043478261,62,62,0.792163394109397,0.431429496501048
rule_mining,0,0.0,30,0.5483870967741935,0.5483870967741935,0.5483870967741935,0.9298245614035088,0.03804347826086957,62,62,0.92851507713885,0.6831532006736245
rule_mining,0,0.0,40,0.7419354838709677,0.7419354838709677,0.7419354838709677,0.9598997493734336,0.021739130434782608,62,62,0.9700867812061711,0.810076183986377
rule_mining,0,0.0,50,0.8709677419354839,0.8709677419354839,0.8709677419354839,0.9799498746867168,0.010869565217391304,62,62,0.9955732819074334,0.9513946894827386
rule_mining,0,0.0,60,0.7096774193548387,0.7096774193548387,0.7096774193548387,0.9548872180451128,0.024456521739130436,62,62,0.9777787517531557,0.7882612597871416
rule_mining,0,0.0,70,0.7903225806451613,0.7903225806451613,0.7903225806451613,0.9674185463659147,0.017663043478260868,62,62,0.9895248948106592,0.9036461483337632
rule_mining,0,0.0,80,0.9032258064516129,0.9032258064516129,0.9032258064516129,0.9849624060150376,0.008152173913043478,62,62,0.9975894109396914,0.9762204533205235
rule_mining,0,0.0,90,0.9193548387096774,0.9193548387096774,0.9193548387096774,0.9874686716791979,0.006793478260869565,62,62,0.9976989831697055,0.9770456527297124
rule_mining,0,0.0,100,0.9354838709677419,0.9354838709677419,0.9354838709677419,0.9899749373433584,0.005434782608695652,62,62,0.9985098176718094,0.9843385965711968
rule_mining,1,0.0,0,0.8387096774193549,0.8387096774193549,0.8387096774193549,0.974937343358396,0.01358695652173913,62,62,0.9795319074333801,0.9058122916919441
rule_mining,1,0.0,10,0.5645161290322581,0.5645161290322581,0.5645161290322581,0.9323308270676691,0.036684782608695655,62,62,0.9129339060308557,0.6612915622328913
rule_mining,1,0.0,20,0.3709677419354839,0.3709677419354839,0.3709677419354839,0.9022556390977443,0.05298913043478261,62,62,0.7921853085553997,0.43158076927681904
rule_mining,1,0.0,30,0.5483870967741935,0.5483870967741935,0.5483870967741935,0.9298245614035088,0.03804347826086957,62,62,0.9286684782608696,0.6832181212181663
rule_mining,1,0.0,40,0.7419354838709677,0.7419354838709677,0.7419354838709677,0.9598997493734336,0.021739130434782608,62,62,0.9706784712482469,0.8112842719740547
rule_mining,1,0.0,50,0.8709677419354839,0.8709677419354839,0.8709677419354839,0.9799498746867168,0.010869565217391304,62,62,0.9955513674614307,0.9513211725434406
rule_mining,1,0.0,60,0.6290322580645161,0.6290322580645161,0.6290322580645161,0.9423558897243107,0.03125,62,62,0.9706127279102384,0.7132429191694942
rule_mining,1,0.0,70,0.7903225806451613,0.7903225806451613,0.7903225806451613,0.9674185463659147,0.017663043478260868,62,62,0.9905110448807853,0.9140046573179124
rule_mining,1,0.0,80,0.8870967741935484,0.8870967741935484,0.8870967741935484,0.9824561403508771,0.009510869565217392,62,62,0.9972606942496494,0.9739203835376622
rule_mining,1,0.0,90,0.9032258064516129,0.9032258064516129,0.9032258064516129,0.9849624060150376,0.008152173913043478,62,62,0.9969758064516129,0.9705092509960134
rule_mining,1,0.0,100,0.9193548387096774,0.9193548387096774,0.9193548387096774,0.9874686716791979,0.006793478260869565,62,62,0.998093443197756,0.9807260271160161
rule_mining,2,0.0,0,0.8709677419354839,0.8709677419354839,0.8709677419354839,0.9799498746867168,0.010869565217391304,62,62,0.9795976507713885,0.9148812042693945
rule_mining,2,0.0,10,0.5806451612903226,0.5806451612903226,0.5806451612903226,0.9348370927318296,0.035326086956521736,62,62,0.8426104488078543,0.5754532368740638
rule_mining,2,0.0,20,0.24193548387096775,0.24193548387096775,0.24193548387096775,0.8822055137844611,0.06385869565217392,62,62,0.7595766129032258,0.3434865568405599
rule_mining,2,0.0,30,0.8225806451612904,0.8225806451612904,0.8225806451612904,0.9724310776942355,0.014945652173913044,62,62,0.9893057503506311,0.8306557534256112
rule_mining,2,0.0,40,0.6451612903225806,0.6451612903225806,0.6451612903225806,0.9448621553884712,0.029891304347826088,62,62,0.9690129733520336,0.7557754075834429
rule_mining,2,0.0,50,0.7580645161290323,0.7580645161290323,0.7580645161290323,0.9624060150375939,0.020380434782608696,62,62,0.9751928471248247,0.8129045046416292
rule_mining,2,0.0,60,0.9354838709677419,0.9354838709677419,0.9354838709677419,0.9899749373433584,0.005434782608695652,62,62,0.9977647265077139,0.975758555104081
rule_mining,2,0.0,70,0.8870967741935484,0.8870967741935484,0.8870967741935484,0.9824561403508771,0.009510869565217392,62,62,0.9908835904628331,0.8839456776759391
rule_mining,2,0.0,80,0.9193548387096774,0.9193548387096774,0.9193548387096774,0.9874686716791979,0.006793478260869565,62,62,0.9971730364656382,0.9725569287548135
rule_mining,2,0.0,90,0.9193548387096774,0.9193548387096774,0.9193548387096774,0.9874686716791979,0.006793478260869565,62,62,0.995507538569425,0.9370099922235223
rule_mining,2,0.0,100,0.9193548387096774,0.9193548387096774,0.9193548387096774,0.9874686716791979,0.006793478260869565,62,62,0.998422159887798,0.9835106633555986
no_hitl,0,0.1,0,0.7903225806451613,0.7903225806451613,0.7903225806451613,0.9674185463659147,0.017663043478260868,62,62,0.9778225806451614,0.9010091129825872
no_hitl,0,0.1,10,0.7903225806451613,0.7903225806451613,0.7903225806451613,0.9674185463659147,0.017663043478260868,62,62,0.9778225806451614,0.9010091129825872
no_hitl,0,0.1,20,0.7903225806451613,0.7903225806451613,0.7903225806451613,0.9674185463659147,0.017663043478260868,62,62,0.9778225806451614,0.9010091129825872
no_hitl,0,0.1,30,0.7903225806451613,0.7903225806451613,0.7903225806451613,0.9674185463659147,0.017663043478260868,62,62,0.9778225806451614,0.9010091129825872
no_hitl,0,0.1,40,0.7903225806451613,0.7903225806451613,0.7903225806451613,0.9674185463659147,0.017663043478260868,62,62,0.9778225806451614,0.9010091129825872
no_hitl,0,0.1,50,0.7903225806451613,0.7903225806451613,0.7903225806451613,0.9674185463659147,0.017663043478260868,62,62,0.9778225806451614,0.9010091129825872
no_hitl,0,0.1,60,0.7903225806451613,0.7903225806451613,0.7903225806451613,0.9674185463659147,0.017663043478260868,62,62,0.9778225806451614,0.9010091129825872
no_hitl,0,0.1,70,0.7903225806451613,0.7903225806451613,0.7903225806451613,0.9674185463659147,0.017663043478260868,62,62,0.9778225806451614,0.9010091129825872
no_hitl,0,0.1,80,0.7903225806451613,0.7903225806451613,0.7903225806451613,0.9674185463659147,0.017663043478260868,62,62,0.9778225806451614,0.9010091129825872
no_hitl,0,0.1,90,0.7903225806451613,0.7903225806451613,0.7903225806451613,0.9674185463659147,0.017663043478260868,62,62,0.9778225806451614,0.9010091129825872
no_hitl,0,0.1,100,0.7903225806451613,0.7903225806451613,0.7903225806451613,0.9674185463659147,0.017663043478260868,62,62,0.9778225806451614,0.9010091129825872
no_hitl,1,0.1,0,0.8387096774193549,0.8387096774193549,0.8387096774193549,0.974937343358396,0.01358695652173913,62,62,0.9795319074333801,0.9058122916919441
no_hitl,1,0.1,10,0.8387096774193549,0.8387096774193549,0.8387096774193549,0.974937343358396,0.01358695652173913,62,62,0.9795319074333801,0.9058122916919441
no_hitl,1,0.1,20,0.8387096774193549,0.8387096774193549,0.8387096774193549,0.974937343358396,0.01358695652173913,62,62,0.9795319074333801,0.9058122916919441
no_hitl,1,0.1,30,0.8387096774193549,0.8387096774193549,0.8387096774193549,0.974937343358396,0.01358695652173913,62,62,0.9795319074333801,0.9058122916919441
no_hitl,1,0.1,40,0.8387096774193549,0.8387096774193549,0.8387096774193549,0.974937343358396,0.01358695652173913,62,62,0.9795319074333801,0.9058122916919441
no_hitl,1,0.1,50,0.8387096774193549,0.8387096774193549,0.8387096774193549,0.974937343358396,0.01358695652173913,62,62,0.9795319074333801,0.9058122916919441
no_hitl,1,0.1,60,0.8387096774193549,0.8387096774193549,0.8387096774193549,0.974937343358396,0.01358695652173913,62,62,0.9795319074333801,0.9058122916919441
no_hitl,1,0.1,70,0.8387096774193549,0.8387096774193549,0.8387096774193549,0.974937343358396,0.01358695652173913,62,62,0.9795319074333801,0.9058122916919441
no_hitl,1,0.1,80,0.8387096774193549,0.8387096774193549,0.8387096774193549,0.974937343358396,0.01358695652173913,62,62,0.9795319074333801,0.9058122916919441
no_hitl,1,0.1,90,0.8387096774193549,0.8387096774193549,0.8387096774193549,0.974937343358396,0.01358695652173913,62,62,0.9795319074333801,0.9058122916919441
no_hitl,1,0.1,100,0.8387096774193549,0.8387096774193549,0.8387096774193549,0.974937343358396,0.01358695652173913,62,62,0.9795319074333801,0.9058122916919441
no_hitl,2,0.1,0,0.8709677419354839,0.8709677419354839,0.8709677419354839,0.9799498746867168,0.010869565217391304,62,62,0.9795976507713885,0.9148812042693945
no_hitl,2,0.1,10,0.8709677419354839,0.8709677419354839,0.8709677419354839,0.9799498746867168,0.010869565217391304,62,62,0.9795976507713885,0.9148812042693945
no_hitl,2,0.1,20,0.8709677419354839,0.8709677419354839,0.8709677419354839,0.9799498746867168,0.010869565217391304,62,62,0.9795976507713885,0.9148812042693945
no_hitl,2,0.1,30,0.8709677419354839,0.8709677419354839,0.8709677419354839,0.9799498746867168,0.010869565217391304,62,62,0.9795976507713885,0.9148812042693945
no_hitl,2,0.1,40,0.8709677419354839,0.8709677419354839,0.8709677419354839,0.9799498746867168,0.010869565217391304,62,62,0.9795976507713885,0.9148812042693945
no_hitl,2,0.1,50,0.8709677419354839,0.8709677419354839,0.8709677419354839,0.9799498746867168,0.010869565217391304,62,62,0.9795976507713885,0.9148812042693945
no_hitl,2,0.1,60,0.8709677419354839,0.8709677419354839,0.8709677419354839,0.9799498746867168,0.010869565217391304,62,62,0.9795976507713885,0.9148812042693945
no_hitl,2,0.1,70,0.8709677419354839,0.8709677419354839,0.8709677419354839,0.9799498746867168,0.010869565217391304,62,62,0.9795976507713885,0.9148812042693945
no_hitl,2,0.1,80,0.8709677419354839,0.8709677419354839,0.8709677419354839,0.9799498746867168,0.010869565217391304,62,62,0.9795976507713885,0.9148812042693945
no_hitl,2,0.1,90,0.8709677419354839,0.8709677419354839,0.8709677419354839,0.9799498746867168,0.010869565217391304,62,62,0.9795976507713885,0.9148812042693945
no_hitl,2,0.1,100,0.8709677419354839,0.8709677419354839,0.8709677419354839,0.9799498746867168,0.010869565217391304,62,62,0.9795976507713885,0.9148812042693945
threshold_adjustment,0,0.1,0,0.7903225806451613,0.7903225806451613,0.7903225806451613,0.9674185463659147,0.017663043478260868,62,62,0.9778225806451614,0.9010091129825872
threshold_adjustment,0,0.1,10,0.7903225806451613,0.7903225806451613,0.7903225806451613,0.9674185463659147,0.017663043478260868,62,62,0.9778225806451614,0.9010091129825872
threshold_adjustment,0,0.1,20,0.7903225806451613,0.7903225806451613,0.7903225806451613,0.9674185463659147,0.017663043478260868,62,62,0.9778225806451614,0.9010091129825872
threshold_adjustment,0,0.1,30,0.7903225806451613,0.7903225806451613,0.7903225806451613,0.9674185463659147,0.017663043478260868,62,62,0.9778225806451614,0.9010091129825872
threshold_adjustment,0,0.1,40,0.7903225806451613,0.7903225806451613,0.7903225806451613,0.9674185463659147,0.017663043478260868,62,62,0.9778225806451614,0.9010091129825872
threshold_adjustment,0,0.1,50,0.7903225806451613,0.7903225806451613,0.7903225806451613,0.9674185463659147,0.017663043478260868,62,62,0.9778225806451614,0.9010091129825872
threshold_adjustment,0,0.1,60,0.7903225806451613,0.7903225806451613,0.7903225806451613,0.9674185463659147,0.017663043478260868,62,62,0.9778225806451614,0.9010091129825872
threshold_adjustment,0,0.1,70,0.7903225806451613,0.7903225806451613,0.7903225806451613,0.9674185463659147,0.017663043478260868,62,62,0.9778225806451614,0.9010091129825872
threshold_adjustment,0,0.1,80,0.7903225806451613,0.7903225806451613,0.7903225806451613,0.9674185463659147,0.017663043478260868,62,62,0.9778225806451614,0.9010091129825872
threshold_adjustment,0,0.1,90,0.7903225806451613,0.7903225806451613,0.7903225806451613,0.9674185463659147,0.017663043478260868,62,62,0.9778225806451614,0.9010091129825872
threshold_adjustment,0,0.1,100,0.7903225806451613,0.7903225806451613,0.7903225806451613,0.9674185463659147,0.017663043478260868,62,62,0.9778225806451614,0.9010091129825872
threshold_adjustment,1,0.1,0,0.8387096774193549,0.8387096774193549,0.8387096774193549,0.974937343358396,0.01358695652173913,62,62,0.9795319074333801,0.9058122916919441
threshold_adjustment,1,0.1,10,0.8387096774193549,0.8387096774193549,0.8387096774193549,0.974937343358396,0.01358695652173913,62,62,0.9795319074333801,0.9058122916919441
threshold_adjustment,1,0.1,20,0.8387096774193549,0.8387096774193549,0.8387096774193549,0.974937343358396,0.01358695652173913,62,62,0.9795319074333801,0.9058122916919441
threshold_adjustment,1,0.1,30,0.8387096774193549,0.8387096774193549,0.8387096774193549,0.974937343358396,0.01358695652173913,62,62,0.9795319074333801,0.9058122916919441
threshold_adjustment,1,0.1,40,0.8387096774193549,0.8387096774193549,0.8387096774193549,0.974937343358396,0.01358695652173913,62,62,0.9795319074333801,0.9058122916919441
threshold_adjustment,1,0.1,50,0.8387096774193549,0.8387096774193549,0.8387096774193549,0.974937343358396,0.01358695652173913,62,62,0.9795319074333801,0.9058122916919441
threshold_adjustment,1,0.1,60,0.8387096774193549,0.8387096774193549,0.8387096774193549,0.974937343358396,0.01358695652173913,62,62,0.9795319074333801,0.9058122916919441
threshold_adjustment,1,0.1,70,0.8387096774193549,0.8387096774193549,0.8387096774193549,0.974937343358396,0.01358695652173913,62,62,0.9795319074333801,0.9058122916919441
threshold_adjustment,1,0.1,80,0.8387096774193549,0.8387096774193549,0.8387096774193549,0.974937343358396,0.01358695652173913,62,62,0.9795319074333801,0.9058122916919441
threshold_adjustment,1,0.1,90,0.8387096774193549,0.8387096774193549,0.8387096774193549,0.974937343358396,0.01358695652173913,62,62,0.9795319074333801,0.9058122916919441
threshold_adjustment,1,0.1,100,0.8387096774193549,0.8387096774193549,0.8387096774193549,0.974937343358396,0.01358695652173913,62,62,0.9795319074333801,0.9058122916919441
threshold_adjustment,2,0.1,0,0.8709677419354839,0.8709677419354839,0.8709677419354839,0.9799498746867168,0.010869565217391304,62,62,0.9795976507713885,0.9148812042693945
threshold_adjustment,2,0.1,10,0.8709677419354839,0.8709677419354839,0.8709677419354839,0.9799498746867168,0.010869565217391304,62,62,0.9795976507713885,0.9148812042693945
threshold_adjustment,2,0.1,20,0.8709677419354839,0.8709677419354839,0.8709677419354839,0.9799498746867168,0.010869565217391304,62,62,0.9795976507713885,0.9148812042693945
threshold_adjustment,2,0.1,30,0.8709677419354839,0.8709677419354839,0.8709677419354839,0.9799498746867168,0.010869565217391304,62,62,0.9795976507713885,0.9148812042693945
threshold_adjustment,2,0.1,40,0.8709677419354839,0.8709677419354839,0.8709677419354839,0.9799498746867168,0.010869565217391304,62,62,0.9795976507713885,0.9148812042693945
threshold_adjustment,2,0.1,50,0.8709677419354839,0.8709677419354839,0.8709677419354839,0.9799498746867168,0.010869565217391304,62,62,0.9795976507713885,0.9148812042693945
threshold_adjustment,2,0.1,60,0.8709677419354839,0.8709677419354839,0.8709677419354839,0.9799498746867168,0.010869565217391304,62,62,0.9795976507713885,0.9148812042693945
threshold_adjustment,2,0.1,70,0.8709677419354839,0.8709677419354839,0.8709677419354839,0.9799498746867168,0.010869565217391304,62,62,0.9795976507713885,0.9148812042693945
threshold_adjustment,2,0.1,80,0.8709677419354839,0.8709677419354839,0.8709677419354839,0.9799498746867168,0.010869565217391304,62,62,0.9795976507713885,0.9148812042693945
threshold_adjustment,2,0.1,90,0.8709677419354839,0.8709677419354839,0.8709677419354839,0.9799498746867168,0.010869565217391304,62,62,0.9795976507713885,0.9148812042693945
threshold_adjustment,2,0.1,100,0.8709677419354839,0.8709677419354839,0.8709677419354839,0.9799498746867168,0.010869565217391304,62,62,0.9795976507713885,0.9148812042693945
preference_model,0,0.1,0,0.7903225806451613,0.7903225806451613,0.7903225806451613,0.9674185463659147,0.017663043478260868,62,62,0.9778225806451614,0.9010091129825872
preference_model,0,0.1,10,0.20967741935483872,0.20967741935483872,0.20967741935483872,0.8771929824561403,0.06657608695652174,62,62,0.562664358345021,0.2311642624832308
preference_model,0,0.1,20,0.5806451612903226,0.5806451612903226,0.5806451612903226,0.9348370927318296,0.035326086956521736,62,62,0.8577752454417953,0.585299843877484
preference_model,0,0.1,30,0.8064516129032258,0.8064516129032258,0.8064516129032258,0.9699248120300752,0.016304347826086956,62,62,0.9461562061711081,0.8434933448589845
preference_model,0,0.1,40,0.7580645161290323,0.7580645161290323,0.7580645161290323,0.9624060150375939,0.020380434782608696,62,62,0.9467150245441794,0.8545890706978566
preference_model,0,0.1,50,0.7741935483870968,0.7741935483870968,0.7741935483870968,0.9649122807017544,0.019021739130434784,62,62,0.9363494915848527,0.8604217647041241
preference_model,0,0.1,60,0.7580645161290323,0.7580645161290323,0.7580645161290323,0.9624060150375939,0.020380434782608696,62,62,0.8923343267882188,0.7953915778184278
preference_model,0,0.1,70,0.7903225806451613,0.7903225806451613,0.7903225806451613,0.9674185463659147,0.017663043478260868,62,62,0.9547904978962132,0.8699925576049873
preference_model,0,0.1,80,0.8709677419354839,0.8709677419354839,0.8709677419354839,0.9799498746867168,0.010869565217391304,62,62,0.9729247019635344,0.9159734350747751
preference_model,0,0.1,90,0.9032258064516129,0.9032258064516129,0.9032258064516129,0.9849624060150376,0.008152173913043478,62,62,0.9813508064516129,0.9349175448807254
preference_model,0,0.1,100,0.9032258064516129,0.9032258064516129,0.9032258064516129,0.9849624060150376,0.008152173913043478,62,62,0.9921655855539971,0.9546739432275407
preference_model,1,0.1,0,0.8387096774193549,0.8387096774193549,0.8387096774193549,0.974937343358396,0.01358695652173913,62,62,0.9795319074333801,0.9058122916919441
preference_model,1,0.1,10,0.08064516129032258,0.08064516129032258,0.08064516129032258,0.8571428571428571,0.07744565217391304,62,62,0.4956280680224404,0.08951979342022265
preference_model,1,0.1,20,0.8548387096774194,0.8548387096774194,0.8548387096774194,0.9774436090225563,0.012228260869565218,62,62,0.9961211430575035,0.9530504410968992
preference_model,1,0.1,30,0.8709677419354839,0.8709677419354839,0.8709677419354839,0.9799498746867168,0.010869565217391304,62,62,0.990719232117812,0.9432684837012612
preference_model,1,0.1,40,0.8064516129032258,0.8064516129032258,0.8064516129032258,0.9699248120300752,0.016304347826086956,62,62,0.9739218092566619,0.8792304814251773
preference_model,1,0.1,50,0.7580645161290323,0.7580645161290323,0.7580645161290323,0.9624060150375939,0.020380434782608696,62,62,0.9725192847124825,0.8776279742233213
preference_model,1,0.1,60,0.7903225806451613,0.7903225806451613,0.7903225806451613,0.9674185463659147,0.017663043478260868,62,62,0.969429347826087,0.8870670805855098
preference_model,1,0.1,70,0.8548387096774194,0.8548387096774194,0.8548387096774194,0.9774436090225563,0.012228260869565218,62,62,0.9917930399719496,0.9450482007069037
preference_model,1,0.1,80,0.8709677419354839,0.8709677419354839,0.8709677419354839,0.9799498746867168,0.010869565217391304,62,62,0.9952445652173914,0.9639225086737786
preference_model,1,0.1,90,0.9032258064516129,0.9032258064516129,0.9032258064516129,0.9849624060150376,0.008152173913043478,62,62,0.9931407784011221,0.9584829303270026
preference_model,1,0.1,100,0.9032258064516129,0.9032258064516129,0.9032258064516129,0.9849624060150376,0.008152173913043478,62,62,0.9936338534361852,0.9578454634912279
preference_model,2,0.1,0,0.8709677419354839,0.8709677419354839,0.8709677419354839,0.9799498746867168,0.010869565217391304,62,62,0.9795976507713885,0.9148812042693945
preference_model,2,0.1,10,0.45161290322580644,0.45161290322580644,0.45161290322580644,0.9147869674185464,0.04619565217391304,62,62,0.7029168127629732,0.44463589153984495
preference_model,2,0.1,20,0.7419354838709677,0.7419354838709677,0.7419354838709677,0.9598997493734336,0.021739130434782608,62,62,0.944983783309958,0.7855036082341427
preference_model,2,0.1,30,0.7580645161290323,0.7580645161290323,0.7580645161290323,0.9624060150375939,0.020380434782608696,62,62,0.9293259116409537,0.8105901717751407
preference_model,2,0.1,40,0.7580645161290323,0.7580645161290323,0.7580645161290323,0.9624060150375939,0.020380434782608696,62,62,0.9494981591865358,0.848602408782721
preference_model,2,0.1,50,0.7580645161290323,0.7580645161290323,0.7580645161290323,0.9624060150375939,0.020380434782608696,62,62,0.9181824158485273,0.820065894150739
preference_model,2,0.1,60,0.8709677419354839,0.8709677419354839,0.8709677419354839,0.9799498746867168,0.010869565217391304,62,62,0.9578804347826086,0.9115758239843471
preference_model,2,0.1,70,0.8709677419354839,0.8709677419354839,0.8709677419354839,0.9799498746867168,0.010869565217391304,62,62,0.9811864481065918,0.9246464277385866
preference_model,2,0.1,80,0.9032258064516129,0.9032258064516129,0.9032258064516129,0.9849624060150376,0.008152173913043478,62,62,0.9855035939691444,0.9470001999229991
preference_model,2,0.1,90,0.9193548387096774,0.9193548387096774,0.9193548387096774,0.9874686716791979,0.006793478260869565,62,62,0.9845064866760169,0.9470259842251528
preference_model,2,0.1,100,0.9354838709677419,0.9354838709677419,0.9354838709677419,0.9899749373433584,0.005434782608695652,62,62,0.9964498597475455,0.9718632370358132
active_learning,0,0.1,0,0.7903225806451613,0.7903225806451613,0.7903225806451613,0.9674185463659147,0.017663043478260868,62,62,0.9778225806451614,0.9010091129825872
active_learning,0,0.1,10,0.20967741935483872,0.20967741935483872,0.20967741935483872,0.8771929824561403,0.06657608695652174,62,62,0.562664358345021,0.2311642624832308
active_learning,0,0.1,20,0.4032258064516129,0.4032258064516129,0.4032258064516129,0.9072681704260651,0.050271739130434784,62,62,0.7997567496493689,0.4354598363061457
active_learning,0,0.1,30,0.532258064516129,0.532258064516129,0.532258064516129,0.9273182957393483,0.03940217391304348,62,62,0.8923124123422159,0.5897914421590672
active_learning,0,0.1,40,0.7419354838709677,0.7419354838709677,0.7419354838709677,0.9598997493734336,0.021739130434782608,62,62,0.9712811185133239,0.8658461213980362
active_learning,0,0.1,50,0.8548387096774194,0.8548387096774194,0.8548387096774194,0.9774436090225563,0.012228260869565218,62,62,0.9770227033660589,0.900920682390776
active_learning,0,0.1,60,0.8548387096774194,0.8548387096774194,0.8548387096774194,0.9774436090225563,0.012228260869565218,62,62,0.9773295056100981,0.9130539077502214
active_learning,0,0.1,70,0.8870967741935484,0.8870967741935484,0.8870967741935484,0.9824561403508771,0.009510869565217392,62,62,0.978578629032258,0.9235592542278439
active_learning,0,0.1,80,0.9032258064516129,0.9032258064516129,0.9032258064516129,0.9849624060150376,0.008152173913043478,62,62,0.988922247545582,0.9478388610677528
active_learning,0,0.1,90,0.9193548387096774,0.9193548387096774,0.9193548387096774,0.9874686716791979,0.006793478260869565,62,62,0.9913328366058907,0.9639496161129169
active_learning,0,0.1,100,0.9354838709677419,0.9354838709677419,0.9354838709677419,0.9899749373433584,0.005434782608695652,62,62,0.9948172335203366,0.9706806020857659
active_learning,1,0.1,0,0.8387096774193549,0.8387096774193549,0.8387096774193549,0.974937343358396,0.01358695652173913,62,62,0.9795319074333801,0.9058122916919441
active_learning,1,0.1,10,0.08064516129032258,0.08064516129032258,0.08064516129032258,0.8571428571428571,0.07744565217391304,62,62,0.4956280680224404,0.08951979342022265
active_learning,1,0.1,20,0.7741935483870968,0.7741935483870968,0.7741935483870968,0.9649122807017544,0.019021739130434784,62,62,0.9739546809256663,0.8293998044102792
active_learning,1,0.1,30,0.9354838709677419,0.9354838709677419,0.9354838709677419,0.9899749373433584,0.005434782608695652,62,62,0.9980605715287518,0.9691958078108116
active_learning,1,0.1,40,0.8225806451612904,0.8225806451612904,0.8225806451612904,0.9724310776942355,0.014945652173913044,62,62,0.9849228611500701,0.8970916937553114
active_learning,1,0.1,50,0.9193548387096774,0.9193548387096774,0.9193548387096774,0.9874686716791979,0.006793478260869565,62,62,0.9975017531556802,0.9761284350277883
active_learning,1,0.1,60,0.9354838709677419,0.9354838709677419,0.9354838709677419,0.9899749373433584,0.005434782608695652,62,62,0.9976989831697054,0.9755624749877999
active_learning,1,0.1,70,0.9516129032258065,0.9516129032258065,0.9516129032258065,0.9924812030075187,0.004076086956521739,62,62,0.9951897791023843,0.962894357591979
active_learning,1,0.1,80,0.9516129032258065,0.9516129032258065,0.9516129032258065,0.9924812030075187,0.004076086956521739,62,62,0.9963293302945301,0.9724818638474547
active_learning,1,0.1,90,0.9354838709677419,0.9354838709677419,0.9354838709677419,0.9899749373433584,0.005434782608695652,62,62,0.9967566619915849,0.9754764591623049
active_learning,1,0.1,100,0.9516129032258065,0.9516129032258065,0.9516129032258065,0.9924812030075187,0.004076086956521739,62,62,0.9965046458625525,0.972259083753491
active_learning,2,0.1,0,0.8709677419354839,0.8709677419354839,0.8709677419354839,0.9799498746867168,0.010869565217391304,62,62,0.9795976507713885,0.9148812042693945
active_learning,2,0.1,10,0.45161290322580644,0.45161290322580644,0.45161290322580644,0.9147869674185464,0.04619565217391304,62,62,0.7029168127629732,0.44463589153984495
active_learning,2,0.1,20,0.8548387096774194,0.8548387096774194,0.8548387096774194,0.9774436090225563,0.012228260869565218,62,62,0.970273053997195,0.93897935910136
active_learning,2,0.1,30,0.9032258064516129,0.9032258064516129,0.9032258064516129,0.9849624060150376,0.008152173913043478,62,62,0.9949706346423562,0.9549180246907905
active_learning,2,0.1,40,0.9354838709677419,0.9354838709677419,0.9354838709677419,0.9899749373433584,0.005434782608695652,62,62,0.9976989831697055,0.9795543311874113
active_learning,2,0.1,50,0.9516129032258065,0.9516129032258065,0.9516129032258065,0.9924812030075187,0.004076086956521739,62,62,0.9947295757363255,0.9736117109345537
active_learning,2,0.1,60,0.9516129032258065,0.9516129032258065,0.9516129032258065,0.9924812030075187,0.004076086956521739,62,62,0.9982687587657784,0.9843255638168911
active_learning,2,0.1,70,0.9516129032258065,0.9516129032258065,0.9516129032258065,0.9924812030075187,0.004076086956521739,62,62,0.9984550315568022,0.9824122850377035
active_learning,2,0.1,80,0.9516129032258065,0.9516129032258065,0.9516129032258065,0.9924812030075187,0.004076086956521739,62,62,0.9983125876577841,0.9785597020028032
active_learning,2,0.1,90,0.9354838709677419,0.9354838709677419,0.9354838709677419,0.9899749373433584,0.005434782608695652,62,62,0.9974031381486675,0.9708216976388944
active_learning,2,0.1,100,0.9354838709677419,0.9354838709677419,0.9354838709677419,0.9899749373433584,0.005434782608695652,62,62,0.9966909186535764,0.9669662699680611
hybrid_scoring,0,0.1,0,0.7903225806451613,0.7903225806451613,0.7903225806451613,0.9674185463659147,0.017663043478260868,62,62,0.9778225806451614,0.9010091129825872
hybrid_scoring,0,0.1,10,0.7096774193548387,0.7096774193548387,0.7096774193548387,0.9548872180451128,0.024456521739130436,62,62,0.9608607994389902,0.79720178710464
hybrid_scoring,0,0.1,20,0.7096774193548387,0.7096774193548387,0.7096774193548387,0.9548872180451128,0.024456521739130436,62,62,0.9572887447405329,0.7730633413873471
hybrid_scoring,0,0.1,30,0.7096774193548387,0.7096774193548387,0.7096774193548387,0.9548872180451128,0.024456521739130436,62,62,0.9635124474053296,0.8071391895426901
hybrid_scoring,0,0.1,40,0.7096774193548387,0.7096774193548387,0.7096774193548387,0.9548872180451128,0.024456521739130436,62,62,0.962460553997195,0.818666951277364
hybrid_scoring,0,0.1,50,0.8225806451612904,0.8225806451612904,0.8225806451612904,0.9724310776942355,0.014945652173913044,62,62,0.9848132889200562,0.9053071623717086
hybrid_scoring,0,0.1,60,0.7903225806451613,0.7903225806451613,0.7903225806451613,0.9674185463659147,0.017663043478260868,62,62,0.9757845371669004,0.8777186027730598
hybrid_scoring,0,0.1,70,0.8870967741935484,0.8870967741935484,0.8870967741935484,0.9824561403508771,0.009510869565217392,62,62,0.9952007363253857,0.9622848300447908
hybrid_scoring,0,0.1,80,0.8870967741935484,0.8870967741935484,0.8870967741935484,0.9824561403508771,0.009510869565217392,62,62,0.9949596774193549,0.963082770882567
hybrid_scoring,0,0.1,90,0.9516129032258065,0.9516129032258065,0.9516129032258065,0.9924812030075187,0.004076086956521739,62,62,0.998641304347826,0.9880027745125565
hybrid_scoring,0,0.1,100,0.9838709677419355,0.9838709677419355,0.9838709677419355,0.9974937343358395,0.001358695652173913,62,62,0.9996055399719496,0.9955507841455262
hybrid_scoring,1,0.1,0,0.8387096774193549,0.8387096774193549,0.8387096774193549,0.974937343358396,0.01358695652173913,62,62,0.9795319074333801,0.9058122916919441
hybrid_scoring,1,0.1,10,0.8064516129032258,0.8064516129032258,0.8064516129032258,0.9699248120300752,0.016304347826086956,62,62,0.9795538218793829,0.904429588661127
hybrid_scoring,1,0.1,20,0.8225806451612904,0.8225806451612904,0.8225806451612904,0.9724310776942355,0.014945652173913044,62,62,0.979882538569425,0.9039394405780815
hybrid_scoring,1,0.1,30,0.8387096774193549,0.8387096774193549,0.8387096774193549,0.974937343358396,0.01358695652173913,62,62,0.9795538218793829,0.9060326040637586
hybrid_scoring,1,0.1,40,0.8064516129032258,0.8064516129032258,0.8064516129032258,0.9699248120300752,0.016304347826086956,62,62,0.9768145161290323,0.8937826508737674
hybrid_scoring,1,0.1,50,0.8387096774193549,0.8387096774193549,0.8387096774193549,0.974937343358396,0.01358695652173913,62,62,0.9816356942496494,0.9152384373827842
hybrid_scoring,1,0.1,60,0.8709677419354839,0.8709677419354839,0.8709677419354839,0.9799498746867168,0.010869565217391304,62,62,0.9881223702664798,0.9341843943708253
hybrid_scoring,1,0.1,70,0.9193548387096774,0.9193548387096774,0.9193548387096774,0.9874686716791979,0.006793478260869565,62,62,0.9951788218793828,0.961036998881333
hybrid_scoring,1,0.1,80,0.9354838709677419,0.9354838709677419,0.9354838709677419,0.9899749373433584,0.005434782608695652,62,62,0.9976332398316969,0.9753787277269986
hybrid_scoring,1,0.1,90,0.9354838709677419,0.9354838709677419,0.9354838709677419,0.9899749373433584,0.005434782608695652,62,62,0.9980715287517532,0.9796296245507088
hybrid_scoring,1,0.1,100,0.9354838709677419,0.9354838709677419,0.9354838709677419,0.9899749373433584,0.005434782608695652,62,62,0.9985974754558206,0.9834420414555216
hybrid_scoring,2,0.1,0,0.8709677419354839,0.8709677419354839,0.8709677419354839,0.9799498746867168,0.010869565217391304,62,62,0.9795976507713885,0.9148812042693945
hybrid_scoring,2,0.1,10,0.8387096774193549,0.8387096774193549,0.8387096774193549,0.974937343358396,0.01358695652173913,62,62,0.9783923562412342,0.896211238286312
hybrid_scoring,2,0.1,20,0.8225806451612904,0.8225806451612904,0.8225806451612904,0.9724310776942355,0.014945652173913044,62,62,0.9777787517531557,0.8915434033126605
hybrid_scoring,2,0.1,30,0.7741935483870968,0.7741935483870968,0.7741935483870968,0.9649122807017544,0.019021739130434784,62,62,0.969188288920056,0.8547227890454685
hybrid_scoring,2,0.1,40,0.7903225806451613,0.7903225806451613,0.7903225806451613,0.9674185463659147,0.017663043478260868,62,62,0.9791155329593269,0.8829148706660237
hybrid_scoring,2,0.1,50,0.7741935483870968,0.7741935483870968,0.7741935483870968,0.9649122807017544,0.019021739130434784,62,62,0.9641917952314165,0.8517091373767249
hybrid_scoring,2,0.1,60,0.9032258064516129,0.9032258064516129,0.9032258064516129,0.9849624060150376,0.008152173913043478,62,62,0.9980715287517532,0.9794072898079598
hybrid_scoring,2,0.1,70,0.9193548387096774,0.9193548387096774,0.9193548387096774,0.9874686716791979,0.006793478260869565,62,62,0.9882976858345022,0.9594277082962792
hybrid_scoring,2,0.1,80,0.9516129032258065,0.9516129032258065,0.9516129032258065,0.9924812030075187,0.004076086956521739,62,62,0.9927024894810659,0.9730584162509459
hybrid_scoring,2,0.1,90,0.9032258064516129,0.9032258064516129,0.9032258064516129,0.9849624060150376,0.008152173913043478,62,62,0.9895029803646563,0.9518160561843154
hybrid_scoring,2,0.1,100,0.9032258064516129,0.9032258064516129,0.9032258064516129,0.9849624060150376,0.008152173913043478,62,62,0.9924176016830295,0.9586728671985808
rule_mining,0,0.1,0,0.7903225806451613,0.7903225806451613,0.7903225806451613,0.9674185463659147,0.017663043478260868,62,62,0.9778225806451614,0.9010091129825872
rule_mining,0,0.1,10,0.4838709677419355,0.4838709677419355,0.4838709677419355,0.9197994987468672,0.043478260869565216,62,62,0.9447098527349229,0.6588272243703912
rule_mining,0,0.1,20,0.41935483870967744,0.41935483870967744,0.41935483870967744,0.9097744360902256,0.04891304347826087,62,62,0.9134817671809257,0.5318345675174365
rule_mining,0,0.1,30,0.1774193548387097,0.1774193548387097,0.1774193548387097,0.8721804511278195,0.06929347826086957,62,62,0.5818504558204768,0.22618933777693084
rule_mining,0,0.1,40,0.8387096774193549,0.8387096774193549,0.8387096774193549,0.974937343358396,0.01358695652173913,62,62,0.990905504908836,0.8967292186263944
rule_mining,0,0.1,50,0.7741935483870968,0.7741935483870968,0.7741935483870968,0.9649122807017544,0.019021739130434784,62,62,0.9886702314165496,0.8869584757757019
rule_mining,0,0.1,60,0.6774193548387096,0.6774193548387096,0.6774193548387096,0.949874686716792,0.02717391304347826,62,62,0.9801674263674615,0.8109907667181094
rule_mining,0,0.1,70,0.8709677419354839,0.8709677419354839,0.8709677419354839,0.9799498746867168,0.010869565217391304,62,62,0.993140778401122,0.9113389779415408
rule_mining,0,0.1,80,0.7903225806451613,0.7903225806451613,0.7903225806451613,0.9674185463659147,0.017663043478260868,62,62,0.9926367461430575,0.9171053906019847
rule_mining,0,0.1,90,0.9032258064516129,0.9032258064516129,0.9032258064516129,0.9849624060150376,0.008152173913043478,62,62,0.9971730364656382,0.9687101060605253
rule_mining,0,0.1,100,0.9032258064516129,0.9032258064516129,0.9032258064516129,0.9849624060150376,0.008152173913043478,62,62,0.9966909186535765,0.96573303503363
rule_mining,1,0.1,0,0.8387096774193549,0.8387096774193549,0.8387096774193549,0.974937343358396,0.01358695652173913,62,62,0.9795319074333801,0.9058122916919441
rule_mining,1,0.1,10,0.6290322580645161,0.6290322580645161,0.6290322580645161,0.9423558897243107,0.03125,62,62,0.9198150420757363,0.7029169729286885
rule_mining,1,0.1,20,0.45161290322580644,0.45161290322580644,0.45161290322580644,0.9147869674185464,0.04619565217391304,62,62,0.646366584852735,0.4242470041183817
rule_mining,1,0.1,30,0.4838709677419355,0.4838709677419355,0.4838709677419355,0.9197994987468672,0.043478260869565216,62,62,0.6449421458625526,0.43745033370535796
rule_mining,1,0.1,40,0.7741935483870968,0.7741935483870968,0.7741935483870968,0.9649122807017544,0.019021739130434784,62,62,0.9877279102384291,0.8006767915457886
rule_mining,1,0.1,50,0.7580645161290323,0.7580645161290323,0.7580645161290323,0.9624060150375939,0.020380434782608696,62,62,0.9809125175315567,0.760964608302261
rule_mining,1,0.1,60,0.9032258064516129,0.9032258064516129,0.9032258064516129,0.9849624060150376,0.008152173913043478,62,62,0.9975455820476858,0.9746525267172605
rule_mining,1,0.1,70,0.8709677419354839,0.8709677419354839,0.8709677419354839,0.9799498746867168,0.010869565217391304,62,62,0.9941926718092567,0.929597331674425
rule_mining,1,0.1,80,0.8548387096774194,0.8548387096774194,0.8548387096774194,0.9774436090225563,0.012228260869565218,62,62,0.9954856241234221,0.9521906484641958
rule_mining,1,0.1,90,0.9032258064516129,0.9032258064516129,0.9032258064516129,0.9849624060150376,0.008152173913043478,62,62,0.9970853786816268,0.9697174216686245
rule_mining,1,0.1,100,0.9193548387096774,0.9193548387096774,0.9193548387096774,0.9874686716791979,0.006793478260869565,62,62,0.9978304698457223,0.9774642701385967
rule_mining,2,0.1,0,0.8709677419354839,0.8709677419354839,0.8709677419354839,0.9799498746867168,0.010869565217391304,62,62,0.9795976507713885,0.9148812042693945
rule_mining,2,0.1,10,0.6774193548387096,0.6774193548387096,0.6774193548387096,0.949874686716792,0.02717391304347826,62,62,0.9640822230014024,0.7896231851617075
rule_mining,2,0.1,20,0.4838709677419355,0.4838709677419355,0.4838709677419355,0.9197994987468672,0.043478260869565216,62,62,0.7870134992987377,0.5742925922273284
rule_mining,2,0.1,30,0.3387096774193548,0.3387096774193548,0.3387096774193548,0.8972431077694235,0.05570652173913043,62,62,0.9164621318373072,0.5352280044109939
rule_mining,2,0.1,40,0.7903225806451613,0.7903225806451613,0.7903225806451613,0.9674185463659147,0.017663043478260868,62,62,0.990094670406732,0.8613859722806585
rule_mining,2,0.1,50,0.8548387096774194,0.8548387096774194,0.8548387096774194,0.9774436090225563,0.012228260869565218,62,62,0.9931188639551192,0.9111533143182615
rule_mining,2,0.1,60,0.7580645161290323,0.7580645161290323,0.7580645161290323,0.9624060150375939,0.020380434782608696,62,62,0.9887359747545582,0.8674425592498697
rule_mining,2,0.1,70,0.9032258064516129,0.9032258064516129,0.9032258064516129,0.9849624060150376,0.008152173913043478,62,62,0.9973702664796634,0.9703515271485759
rule_mining,2,0.1,80,0.8870967741935484,0.8870967741935484,0.8870967741935484,0.9824561403508771,0.009510869565217392,62,62,0.9947624474053296,0.9200445924588481
rule_mining,2,0.1,90,0.9193548387096774,0.9193548387096774,0.9193548387096774,0.9874686716791979,0.006793478260869565,62,62,0.9976551542776999,0.9745394511804968
rule_mining,2,0.1,100,0.9193548387096774,0.9193548387096774,0.9193548387096774,0.9874686716791979,0.006793478260869565,62,62,0.9972606942496494,0.9709377790186299
no_hitl,0,0.2,0,0.7903225806451613,0.7903225806451613,0.7903225806451613,0.9674185463659147,0.017663043478260868,62,62,0.9778225806451614,0.9010091129825872
no_hitl,0,0.2,10,0.7903225806451613,0.7903225806451613,0.7903225806451613,0.9674185463659147,0.017663043478260868,62,62,0.9778225806451614,0.9010091129825872
no_hitl,0,0.2,20,0.7903225806451613,0.7903225806451613,0.7903225806451613,0.9674185463659147,0.017663043478260868,62,62,0.9778225806451614,0.9010091129825872
no_hitl,0,0.2,30,0.7903225806451613,0.7903225806451613,0.7903225806451613,0.9674185463659147,0.017663043478260868,62,62,0.9778225806451614,0.9010091129825872
no_hitl,0,0.2,40,0.7903225806451613,0.7903225806451613,0.7903225806451613,0.9674185463659147,0.017663043478260868,62,62,0.9778225806451614,0.9010091129825872
no_hitl,0,0.2,50,0.7903225806451613,0.7903225806451613,0.7903225806451613,0.9674185463659147,0.017663043478260868,62,62,0.9778225806451614,0.9010091129825872
no_hitl,0,0.2,60,0.7903225806451613,0.7903225806451613,0.7903225806451613,0.9674185463659147,0.017663043478260868,62,62,0.9778225806451614,0.9010091129825872
no_hitl,0,0.2,70,0.7903225806451613,0.7903225806451613,0.7903225806451613,0.9674185463659147,0.017663043478260868,62,62,0.9778225806451614,0.9010091129825872
no_hitl,0,0.2,80,0.7903225806451613,0.7903225806451613,0.7903225806451613,0.9674185463659147,0.017663043478260868,62,62,0.9778225806451614,0.9010091129825872
no_hitl,0,0.2,90,0.7903225806451613,0.7903225806451613,0.7903225806451613,0.9674185463659147,0.017663043478260868,62,62,0.9778225806451614,0.9010091129825872
no_hitl,0,0.2,100,0.7903225806451613,0.7903225806451613,0.7903225806451613,0.9674185463659147,0.017663043478260868,62,62,0.9778225806451614,0.9010091129825872
no_hitl,1,0.2,0,0.8387096774193549,0.8387096774193549,0.8387096774193549,0.974937343358396,0.01358695652173913,62,62,0.9795319074333801,0.9058122916919441
no_hitl,1,0.2,10,0.8387096774193549,0.8387096774193549,0.8387096774193549,0.974937343358396,0.01358695652173913,62,62,0.9795319074333801,0.9058122916919441
no_hitl,1,0.2,20,0.8387096774193549,0.8387096774193549,0.8387096774193549,0.974937343358396,0.01358695652173913,62,62,0.9795319074333801,0.9058122916919441
no_hitl,1,0.2,30,0.8387096774193549,0.8387096774193549,0.8387096774193549,0.974937343358396,0.01358695652173913,62,62,0.9795319074333801,0.9058122916919441
no_hitl,1,0.2,40,0.8387096774193549,0.8387096774193549,0.8387096774193549,0.974937343358396,0.01358695652173913,62,62,0.9795319074333801,0.9058122916919441
no_hitl,1,0.2,50,0.8387096774193549,0.8387096774193549,0.8387096774193549,0.974937343358396,0.01358695652173913,62,62,0.9795319074333801,0.9058122916919441
no_hitl,1,0.2,60,0.8387096774193549,0.8387096774193549,0.8387096774193549,0.974937343358396,0.01358695652173913,62,62,0.9795319074333801,0.9058122916919441
no_hitl,1,0.2,70,0.8387096774193549,0.8387096774193549,0.8387096774193549,0.974937343358396,0.01358695652173913,62,62,0.9795319074333801,0.9058122916919441
no_hitl,1,0.2,80,0.8387096774193549,0.8387096774193549,0.8387096774193549,0.974937343358396,0.01358695652173913,62,62,0.9795319074333801,0.9058122916919441
no_hitl,1,0.2,90,0.8387096774193549,0.8387096774193549,0.8387096774193549,0.974937343358396,0.01358695652173913,62,62,0.9795319074333801,0.9058122916919441
no_hitl,1,0.2,100,0.8387096774193549,0.8387096774193549,0.8387096774193549,0.974937343358396,0.01358695652173913,62,62,0.9795319074333801,0.9058122916919441
no_hitl,2,0.2,0,0.8709677419354839,0.8709677419354839,0.8709677419354839,0.9799498746867168,0.010869565217391304,62,62,0.9795976507713885,0.9148812042693945
no_hitl,2,0.2,10,0.8709677419354839,0.8709677419354839,0.8709677419354839,0.9799498746867168,0.010869565217391304,62,62,0.9795976507713885,0.9148812042693945
no_hitl,2,0.2,20,0.8709677419354839,0.8709677419354839,0.8709677419354839,0.9799498746867168,0.010869565217391304,62,62,0.9795976507713885,0.9148812042693945
no_hitl,2,0.2,30,0.8709677419354839,0.8709677419354839,0.8709677419354839,0.9799498746867168,0.010869565217391304,62,62,0.9795976507713885,0.9148812042693945
no_hitl,2,0.2,40,0.8709677419354839,0.8709677419354839,0.8709677419354839,0.9799498746867168,0.010869565217391304,62,62,0.9795976507713885,0.9148812042693945
no_hitl,2,0.2,50,0.8709677419354839,0.8709677419354839,0.8709677419354839,0.9799498746867168,0.010869565217391304,62,62,0.9795976507713885,0.9148812042693945
no_hitl,2,0.2,60,0.8709677419354839,0.8709677419354839,0.8709677419354839,0.9799498746867168,0.010869565217391304,62,62,0.9795976507713885,0.9148812042693945
no_hitl,2,0.2,70,0.8709677419354839,0.8709677419354839,0.8709677419354839,0.9799498746867168,0.010869565217391304,62,62,0.9795976507713885,0.9148812042693945
no_hitl,2,0.2,80,0.8709677419354839,0.8709677419354839,0.8709677419354839,0.9799498746867168,0.010869565217391304,62,62,0.9795976507713885,0.9148812042693945
no_hitl,2,0.2,90,0.8709677419354839,0.8709677419354839,0.8709677419354839,0.9799498746867168,0.010869565217391304,62,62,0.9795976507713885,0.9148812042693945
no_hitl,2,0.2,100,0.8709677419354839,0.8709677419354839,0.8709677419354839,0.9799498746867168,0.010869565217391304,62,62,0.9795976507713885,0.9148812042693945
threshold_adjustment,0,0.2,0,0.7903225806451613,0.7903225806451613,0.7903225806451613,0.9674185463659147,0.017663043478260868,62,62,0.9778225806451614,0.9010091129825872
threshold_adjustment,0,0.2,10,0.7903225806451613,0.7903225806451613,0.7903225806451613,0.9674185463659147,0.017663043478260868,62,62,0.9778225806451614,0.9010091129825872
threshold_adjustment,0,0.2,20,0.7903225806451613,0.7903225806451613,0.7903225806451613,0.9674185463659147,0.017663043478260868,62,62,0.9778225806451614,0.9010091129825872
threshold_adjustment,0,0.2,30,0.7903225806451613,0.7903225806451613,0.7903225806451613,0.9674185463659147,0.017663043478260868,62,62,0.9778225806451614,0.9010091129825872
threshold_adjustment,0,0.2,40,0.7903225806451613,0.7903225806451613,0.7903225806451613,0.9674185463659147,0.017663043478260868,62,62,0.9778225806451614,0.9010091129825872
threshold_adjustment,0,0.2,50,0.7903225806451613,0.7903225806451613,0.7903225806451613,0.9674185463659147,0.017663043478260868,62,62,0.9778225806451614,0.9010091129825872
threshold_adjustment,0,0.2,60,0.7903225806451613,0.7903225806451613,0.7903225806451613,0.9674185463659147,0.017663043478260868,62,62,0.9778225806451614,0.9010091129825872
threshold_adjustment,0,0.2,70,0.7903225806451613,0.7903225806451613,0.7903225806451613,0.9674185463659147,0.017663043478260868,62,62,0.9778225806451614,0.9010091129825872
threshold_adjustment,0,0.2,80,0.7903225806451613,0.7903225806451613,0.7903225806451613,0.9674185463659147,0.017663043478260868,62,62,0.9778225806451614,0.9010091129825872
threshold_adjustment,0,0.2,90,0.7903225806451613,0.7903225806451613,0.7903225806451613,0.9674185463659147,0.017663043478260868,62,62,0.9778225806451614,0.9010091129825872
threshold_adjustment,0,0.2,100,0.7903225806451613,0.7903225806451613,0.7903225806451613,0.9674185463659147,0.017663043478260868,62,62,0.9778225806451614,0.9010091129825872
threshold_adjustment,1,0.2,0,0.8387096774193549,0.8387096774193549,0.8387096774193549,0.974937343358396,0.01358695652173913,62,62,0.9795319074333801,0.9058122916919441
threshold_adjustment,1,0.2,10,0.8387096774193549,0.8387096774193549,0.8387096774193549,0.974937343358396,0.01358695652173913,62,62,0.9795319074333801,0.9058122916919441
threshold_adjustment,1,0.2,20,0.8387096774193549,0.8387096774193549,0.8387096774193549,0.974937343358396,0.01358695652173913,62,62,0.9795319074333801,0.9058122916919441
threshold_adjustment,1,0.2,30,0.8387096774193549,0.8387096774193549,0.8387096774193549,0.974937343358396,0.01358695652173913,62,62,0.9795319074333801,0.9058122916919441
threshold_adjustment,1,0.2,40,0.8387096774193549,0.8387096774193549,0.8387096774193549,0.974937343358396,0.01358695652173913,62,62,0.9795319074333801,0.9058122916919441
threshold_adjustment,1,0.2,50,0.8387096774193549,0.8387096774193549,0.8387096774193549,0.974937343358396,0.01358695652173913,62,62,0.9795319074333801,0.9058122916919441
threshold_adjustment,1,0.2,60,0.8387096774193549,0.8387096774193549,0.8387096774193549,0.974937343358396,0.01358695652173913,62,62,0.9795319074333801,0.9058122916919441
threshold_adjustment,1,0.2,70,0.8387096774193549,0.8387096774193549,0.8387096774193549,0.974937343358396,0.01358695652173913,62,62,0.9795319074333801,0.9058122916919441
threshold_adjustment,1,0.2,80,0.8387096774193549,0.8387096774193549,0.8387096774193549,0.974937343358396,0.01358695652173913,62,62,0.9795319074333801,0.9058122916919441
threshold_adjustment,1,0.2,90,0.8387096774193549,0.8387096774193549,0.8387096774193549,0.974937343358396,0.01358695652173913,62,62,0.9795319074333801,0.9058122916919441
threshold_adjustment,1,0.2,100,0.8387096774193549,0.8387096774193549,0.8387096774193549,0.974937343358396,0.01358695652173913,62,62,0.9795319074333801,0.9058122916919441
threshold_adjustment,2,0.2,0,0.8709677419354839,0.8709677419354839,0.8709677419354839,0.9799498746867168,0.010869565217391304,62,62,0.9795976507713885,0.9148812042693945
threshold_adjustment,2,0.2,10,0.8709677419354839,0.8709677419354839,0.8709677419354839,0.9799498746867168,0.010869565217391304,62,62,0.9795976507713885,0.9148812042693945
threshold_adjustment,2,0.2,20,0.8709677419354839,0.8709677419354839,0.8709677419354839,0.9799498746867168,0.010869565217391304,62,62,0.9795976507713885,0.9148812042693945
threshold_adjustment,2,0.2,30,0.8709677419354839,0.8709677419354839,0.8709677419354839,0.9799498746867168,0.010869565217391304,62,62,0.9795976507713885,0.9148812042693945
threshold_adjustment,2,0.2,40,0.8709677419354839,0.8709677419354839,0.8709677419354839,0.9799498746867168,0.010869565217391304,62,62,0.9795976507713885,0.9148812042693945
threshold_adjustment,2,0.2,50,0.8709677419354839,0.8709677419354839,0.8709677419354839,0.9799498746867168,0.010869565217391304,62,62,0.9795976507713885,0.9148812042693945
threshold_adjustment,2,0.2,60,0.8709677419354839,0.8709677419354839,0.8709677419354839,0.9799498746867168,0.010869565217391304,62,62,0.9795976507713885,0.9148812042693945
threshold_adjustment,2,0.2,70,0.8709677419354839,0.8709677419354839,0.8709677419354839,0.9799498746867168,0.010869565217391304,62,62,0.9795976507713885,0.9148812042693945
threshold_adjustment,2,0.2,80,0.8709677419354839,0.8709677419354839,0.8709677419354839,0.9799498746867168,0.010869565217391304,62,62,0.9795976507713885,0.9148812042693945
threshold_adjustment,2,0.2,90,0.8709677419354839,0.8709677419354839,0.8709677419354839,0.9799498746867168,0.010869565217391304,62,62,0.9795976507713885,0.9148812042693945
threshold_adjustment,2,0.2,100,0.8709677419354839,0.8709677419354839,0.8709677419354839,0.9799498746867168,0.010869565217391304,62,62,0.9795976507713885,0.9148812042693945
preference_model,0,0.2,0,0.7903225806451613,0.7903225806451613,0.7903225806451613,0.9674185463659147,0.017663043478260868,62,62,0.9778225806451614,0.9010091129825872
preference_model,0,0.2,10,0.20967741935483872,0.20967741935483872,0.20967741935483872,0.8771929824561403,0.06657608695652174,62,62,0.562664358345021,0.2311642624832308
preference_model,0,0.2,20,0.5,0.5,0.5,0.9223057644110275,0.042119565217391304,62,62,0.8359484572230015,0.5238058618086107
preference_model,0,0.2,30,0.6290322580645161,0.6290322580645161,0.6290322580645161,0.9423558897243107,0.03125,62,62,0.8630675841514726,0.6421489050886267
preference_model,0,0.2,40,0.5967741935483871,0.5967741935483871,0.5967741935483871,0.9373433583959899,0.033967391304347824,62,62,0.8525815217391304,0.6483048703028478
preference_model,0,0.2,50,0.6451612903225806,0.6451612903225806,0.6451612903225806,0.9448621553884712,0.029891304347826088,62,62,0.9117395687237027,0.7100223952564988
preference_model,0,0.2,60,0.6935483870967742,0.6935483870967742,0.6935483870967742,0.9523809523809523,0.025815217391304348,62,62,0.9412473702664798,0.7934066356880813
preference_model,0,0.2,70,0.6935483870967742,0.6935483870967742,0.6935483870967742,0.9523809523809523,0.025815217391304348,62,62,0.91343793828892,0.7639242355726934
preference_model,0,0.2,80,0.8064516129032258,0.8064516129032258,0.8064516129032258,0.9699248120300752,0.016304347826086956,62,62,0.9420034186535764,0.8344773992172454
preference_model,0,0.2,90,0.8064516129032258,0.8064516129032258,0.8064516129032258,0.9699248120300752,0.016304347826086956,62,62,0.9467150245441796,0.8536450543765257
preference_model,0,0.2,100,0.8225806451612904,0.8225806451612904,0.8225806451612904,0.9724310776942355,0.014945652173913044,62,62,0.9207683204768583,0.8402024640854294
preference_model,1,0.2,0,0.8387096774193549,0.8387096774193549,0.8387096774193549,0.974937343358396,0.01358695652173913,62,62,0.9795319074333801,0.9058122916919441
preference_model,1,0.2,10,0.16129032258064516,0.16129032258064516,0.16129032258064516,0.8696741854636592,0.07065217391304347,62,62,0.4773733345021038,0.11323848577375553
preference_model,1,0.2,20,0.8064516129032258,0.8064516129032258,0.8064516129032258,0.9699248120300752,0.016304347826086956,62,62,0.9823150420757364,0.873878859751249
preference_model,1,0.2,30,0.8064516129032258,0.8064516129032258,0.8064516129032258,0.9699248120300752,0.016304347826086956,62,62,0.9751928471248247,0.8806432174403644
preference_model,1,0.2,40,0.7096774193548387,0.7096774193548387,0.7096774193548387,0.9548872180451128,0.024456521739130436,62,62,0.9420691619915849,0.7670506480874911
preference_model,1,0.2,50,0.7580645161290323,0.7580645161290323,0.7580645161290323,0.9624060150375939,0.020380434782608696,62,62,0.9571243863955119,0.8257932156625876
preference_model,1,0.2,60,0.6774193548387096,0.6774193548387096,0.6774193548387096,0.949874686716792,0.02717391304347826,62,62,0.9147308906030855,0.7587025908978957
preference_model,1,0.2,70,0.7096774193548387,0.7096774193548387,0.7096774193548387,0.9548872180451128,0.024456521739130436,62,62,0.9497063464235624,0.77853987609361
preference_model,1,0.2,80,0.7741935483870968,0.7741935483870968,0.7741935483870968,0.9649122807017544,0.019021739130434784,62,62,0.9831916199158485,0.8819243057188834
preference_model,1,0.2,90,0.7258064516129032,0.7258064516129032,0.7258064516129032,0.9573934837092731,0.02309782608695652,62,62,0.9636987201963535,0.8305897909624096
preference_model,1,0.2,100,0.7580645161290323,0.7580645161290323,0.7580645161290323,0.9624060150375939,0.020380434782608696,62,62,0.9647834852734922,0.8365976757653386
preference_model,2,0.2,0,0.8709677419354839,0.8709677419354839,0.8709677419354839,0.9799498746867168,0.010869565217391304,62,62,0.9795976507713885,0.9148812042693945
preference_model,2,0.2,10,0.41935483870967744,0.41935483870967744,0.41935483870967744,0.9097744360902256,0.04891304347826087,62,62,0.6585291023842916,0.39019064151241645
preference_model,2,0.2,20,0.6451612903225806,0.6451612903225806,0.6451612903225806,0.9448621553884712,0.029891304347826088,62,62,0.8679764200561011,0.7236404752464658
preference_model,2,0.2,30,0.6129032258064516,0.6129032258064516,0.6129032258064516,0.9398496240601504,0.03260869565217391,62,62,0.8554303997194952,0.6738074534025281
preference_model,2,0.2,40,0.7580645161290323,0.7580645161290323,0.7580645161290323,0.9624060150375939,0.020380434782608696,62,62,0.926586605890603,0.7898071840112484
preference_model,2,0.2,50,0.6935483870967742,0.6935483870967742,0.6935483870967742,0.9523809523809523,0.025815217391304348,62,62,0.8903072405329594,0.7601149229749661
preference_model,2,0.2,60,0.7741935483870968,0.7741935483870968,0.7741935483870968,0.9649122807017544,0.019021739130434784,62,62,0.9277919004207574,0.8131258431147268
preference_model,2,0.2,70,0.6774193548387096,0.6774193548387096,0.6774193548387096,0.949874686716792,0.02717391304347826,62,62,0.8605912517531557,0.722857669046712
preference_model,2,0.2,80,0.7903225806451613,0.7903225806451613,0.7903225806451613,0.9674185463659147,0.017663043478260868,62,62,0.9723330119214587,0.8922320634891724
preference_model,2,0.2,90,0.6935483870967742,0.6935483870967742,0.6935483870967742,0.9523809523809523,0.025815217391304348,62,62,0.8995770511921459,0.7668131114306225
preference_model,2,0.2,100,0.6935483870967742,0.6935483870967742,0.6935483870967742,0.9523809523809523,0.025815217391304348,62,62,0.8941860974754559,0.7534830285077283
active_learning,0,0.2,0,0.7903225806451613,0.7903225806451613,0.7903225806451613,0.9674185463659147,0.017663043478260868,62,62,0.9778225806451614,0.9010091129825872
active_learning,0,0.2,10,0.20967741935483872,0.20967741935483872,0.20967741935483872,0.8771929824561403,0.06657608695652174,62,62,0.562664358345021,0.2311642624832308
active_learning,0,0.2,20,0.3387096774193548,0.3387096774193548,0.3387096774193548,0.8972431077694235,0.05570652173913043,62,62,0.7470196353436185,0.3966400969364572
active_learning,0,0.2,30,0.3709677419354839,0.3709677419354839,0.3709677419354839,0.9022556390977443,0.05298913043478261,62,62,0.8050600455820476,0.45183381385495275
active_learning,0,0.2,40,0.6774193548387096,0.6774193548387096,0.6774193548387096,0.949874686716792,0.02717391304347826,62,62,0.9470875701262272,0.7584002965715875
active_learning,0,0.2,50,0.7741935483870968,0.7741935483870968,0.7741935483870968,0.9649122807017544,0.019021739130434784,62,62,0.96515603085554,0.845826559186352
active_learning,0,0.2,60,0.7419354838709677,0.7419354838709677,0.7419354838709677,0.9598997493734336,0.021739130434782608,62,62,0.9618250350631136,0.8489602267276263
active_learning,0,0.2,70,0.7580645161290323,0.7580645161290323,0.7580645161290323,0.9624060150375939,0.020380434782608696,62,62,0.9602143232819075,0.8254286197809715
active_learning,0,0.2,80,0.8064516129032258,0.8064516129032258,0.8064516129032258,0.9699248120300752,0.016304347826086956,62,62,0.9719166374474053,0.8705077024300559
active_learning,0,0.2,90,0.7741935483870968,0.7741935483870968,0.7741935483870968,0.9649122807017544,0.019021739130434784,62,62,0.9718399368863955,0.8591895842370204
active_learning,0,0.2,100,0.7258064516129032,0.7258064516129032,0.7258064516129032,0.9573934837092731,0.02309782608695652,62,62,0.9641589235624124,0.8000155803772725
active_learning,1,0.2,0,0.8387096774193549,0.8387096774193549,0.8387096774193549,0.974937343358396,0.01358695652173913,62,62,0.9795319074333801,0.9058122916919441
active_learning,1,0.2,10,0.16129032258064516,0.16129032258064516,0.16129032258064516,0.8696741854636592,0.07065217391304347,62,62,0.4773733345021038,0.11323848577375553
active_learning,1,0.2,20,0.6774193548387096,0.6774193548387096,0.6774193548387096,0.949874686716792,0.02717391304347826,62,62,0.9368206521739131,0.7837512315579784
active_learning,1,0.2,30,0.7419354838709677,0.7419354838709677,0.7419354838709677,0.9598997493734336,0.021739130434782608,62,62,0.97117154628331,0.8287998757904798
active_learning,1,0.2,40,0.6935483870967742,0.6935483870967742,0.6935483870967742,0.9523809523809523,0.025815217391304348,62,62,0.9648601858345022,0.7455248481932631
active_learning,1,0.2,50,0.8548387096774194,0.8548387096774194,0.8548387096774194,0.9774436090225563,0.012228260869565218,62,62,0.9896782959326789,0.9203162970837591
active_learning,1,0.2,60,0.8225806451612904,0.8225806451612904,0.8225806451612904,0.9724310776942355,0.014945652173913044,62,62,0.9800359396914445,0.8527392810007575
active_learning,1,0.2,70,0.8064516129032258,0.8064516129032258,0.8064516129032258,0.9699248120300752,0.016304347826086956,62,62,0.9791703190743337,0.8766704897901608
active_learning,1,0.2,80,0.7903225806451613,0.7903225806451613,0.7903225806451613,0.9674185463659147,0.017663043478260868,62,62,0.9744258415147266,0.8370815977621348
active_learning,1,0.2,90,0.7580645161290323,0.7580645161290323,0.7580645161290323,0.9624060150375939,0.020380434782608696,62,62,0.9755873071528752,0.8317750891800689
active_learning,1,0.2,100,0.7580645161290323,0.7580645161290323,0.7580645161290323,0.9624060150375939,0.020380434782608696,62,62,0.9749737026647967,0.8026591731573786
active_learning,2,0.2,0,0.8709677419354839,0.8709677419354839,0.8709677419354839,0.9799498746867168,0.010869565217391304,62,62,0.9795976507713885,0.9148812042693945
active_learning,2,0.2,10,0.41935483870967744,0.41935483870967744,0.41935483870967744,0.9097744360902256,0.04891304347826087,62,62,0.6585291023842916,0.39019064151241645
active_learning,2,0.2,20,0.4838709677419355,0.4838709677419355,0.4838709677419355,0.9197994987468672,0.043478260869565216,62,62,0.7507670056100981,0.5442017456814622
active_learning,2,0.2,30,0.45161290322580644,0.45161290322580644,0.45161290322580644,0.9147869674185464,0.04619565217391304,62,62,0.8587613955119214,0.47284870379441035
active_learning,2,0.2,40,0.6451612903225806,0.6451612903225806,0.6451612903225806,0.9448621553884712,0.029891304347826088,62,62,0.9589651998597476,0.7053680651082881
active_learning,2,0.2,50,0.5967741935483871,0.5967741935483871,0.5967741935483871,0.9373433583959899,0.033967391304347824,62,62,0.8956434081346423,0.6786665564778872
active_learning,2,0.2,60,0.5,0.5,0.5,0.9223057644110275,0.042119565217391304,62,62,0.9057788394109397,0.6198266639150765
active_learning,2,0.2,70,0.43548387096774194,0.43548387096774194,0.43548387096774194,0.9122807017543859,0.04755434782608696,62,62,0.8800512798036465,0.4556533468309285
active_learning,2,0.2,80,0.5806451612903226,0.5806451612903226,0.5806451612903226,0.9348370927318296,0.035326086956521736,62,62,0.9392202840112202,0.6650388517932075
active_learning,2,0.2,90,0.6129032258064516,0.6129032258064516,0.6129032258064516,0.9398496240601504,0.03260869565217391,62,62,0.9321528751753155,0.6876968681659532
active_learning,2,0.2,100,0.6129032258064516,0.6129032258064516,0.6129032258064516,0.9398496240601504,0.03260869565217391,62,62,0.9457946178120618,0.7144402523691942
hybrid_scoring,0,0.2,0,0.7903225806451613,0.7903225806451613,0.7903225806451613,0.9674185463659147,0.017663043478260868,62,62,0.9778225806451614,0.9010091129825872
hybrid_scoring,0,0.2,10,0.7096774193548387,0.7096774193548387,0.7096774193548387,0.9548872180451128,0.024456521739130436,62,62,0.9608607994389902,0.79720178710464
hybrid_scoring,0,0.2,20,0.7096774193548387,0.7096774193548387,0.7096774193548387,0.9548872180451128,0.024456521739130436,62,62,0.9615401472650772,0.8003757036316125
hybrid_scoring,0,0.2,30,0.6935483870967742,0.6935483870967742,0.6935483870967742,0.9523809523809523,0.025815217391304348,62,62,0.962460553997195,0.8001969975906448
hybrid_scoring,0,0.2,40,0.7096774193548387,0.7096774193548387,0.7096774193548387,0.9548872180451128,0.024456521739130436,62,62,0.9846379733520336,0.8777034391034801
hybrid_scoring,0,0.2,50,0.7096774193548387,0.7096774193548387,0.7096774193548387,0.9548872180451128,0.024456521739130436,62,62,0.9694074333800842,0.828940956035836
hybrid_scoring,0,0.2,60,0.7258064516129032,0.7258064516129032,0.7258064516129032,0.9573934837092731,0.02309782608695652,62,62,0.9692540322580645,0.8368762350034111
hybrid_scoring,0,0.2,70,0.8064516129032258,0.8064516129032258,0.8064516129032258,0.9699248120300752,0.016304347826086956,62,62,0.9819205820476858,0.8839395557828138
hybrid_scoring,0,0.2,80,0.8064516129032258,0.8064516129032258,0.8064516129032258,0.9699248120300752,0.016304347826086956,62,62,0.9878374824684432,0.9144132812698861
hybrid_scoring,0,0.2,90,0.8387096774193549,0.8387096774193549,0.8387096774193549,0.974937343358396,0.01358695652173913,62,62,0.9888455469845723,0.9306372171153899
hybrid_scoring,0,0.2,100,0.8548387096774194,0.8548387096774194,0.8548387096774194,0.9774436090225563,0.012228260869565218,62,62,0.993031206171108,0.9394896199396442
hybrid_scoring,1,0.2,0,0.8387096774193549,0.8387096774193549,0.8387096774193549,0.974937343358396,0.01358695652173913,62,62,0.9795319074333801,0.9058122916919441
hybrid_scoring,1,0.2,10,0.7903225806451613,0.7903225806451613,0.7903225806451613,0.9674185463659147,0.017663043478260868,62,62,0.9754339060308556,0.8685812323625796
hybrid_scoring,1,0.2,20,0.7903225806451613,0.7903225806451613,0.7903225806451613,0.9674185463659147,0.017663043478260868,62,62,0.9811316619915849,0.8880576070399908
hybrid_scoring,1,0.2,30,0.8387096774193549,0.8387096774193549,0.8387096774193549,0.974937343358396,0.01358695652173913,62,62,0.9799482819074334,0.8816608641933721
hybrid_scoring,1,0.2,40,0.7741935483870968,0.7741935483870968,0.7741935483870968,0.9649122807017544,0.019021739130434784,62,62,0.961781206171108,0.8376753845262773
hybrid_scoring,1,0.2,50,0.7903225806451613,0.7903225806451613,0.7903225806451613,0.9674185463659147,0.017663043478260868,62,62,0.9564779102384292,0.8602744102623345
hybrid_scoring,1,0.2,60,0.7903225806451613,0.7903225806451613,0.7903225806451613,0.9674185463659147,0.017663043478260868,62,62,0.9576612903225806,0.8618359404760385
hybrid_scoring,1,0.2,70,0.8064516129032258,0.8064516129032258,0.8064516129032258,0.9699248120300752,0.016304347826086956,62,62,0.9760255960729313,0.8839382902258367
hybrid_scoring,1,0.2,80,0.8387096774193549,0.8387096774193549,0.8387096774193549,0.974937343358396,0.01358695652173913,62,62,0.9872457924263675,0.9251182961880442
hybrid_scoring,1,0.2,90,0.8225806451612904,0.8225806451612904,0.8225806451612904,0.9724310776942355,0.014945652173913044,62,62,0.97953190743338,0.8983236198400422
hybrid_scoring,1,0.2,100,0.8064516129032258,0.8064516129032258,0.8064516129032258,0.9699248120300752,0.016304347826086956,62,62,0.9792470196353437,0.8952328106092442
hybrid_scoring,2,0.2,0,0.8709677419354839,0.8709677419354839,0.8709677419354839,0.9799498746867168,0.010869565217391304,62,62,0.9795976507713885,0.9148812042693945
hybrid_scoring,2,0.2,10,0.8387096774193549,0.8387096774193549,0.8387096774193549,0.974937343358396,0.01358695652173913,62,62,0.9829724754558206,0.9044906367676402
hybrid_scoring,2,0.2,20,0.7741935483870968,0.7741935483870968,0.7741935483870968,0.9649122807017544,0.019021739130434784,62,62,0.9768802594670406,0.8510049904374979
hybrid_scoring,2,0.2,30,0.5967741935483871,0.5967741935483871,0.5967741935483871,0.9373433583959899,0.033967391304347824,62,62,0.9574640603085555,0.737417557470141
hybrid_scoring,2,0.2,40,0.8709677419354839,0.8709677419354839,0.8709677419354839,0.9799498746867168,0.010869565217391304,62,62,0.9956828541374475,0.9536870508528918
hybrid_scoring,2,0.2,50,0.7741935483870968,0.7741935483870968,0.7741935483870968,0.9649122807017544,0.019021739130434784,62,62,0.9873772791023843,0.8855360826772155
hybrid_scoring,2,0.2,60,0.7903225806451613,0.7903225806451613,0.7903225806451613,0.9674185463659147,0.017663043478260868,62,62,0.9778883239831697,0.8823530589839546
hybrid_scoring,2,0.2,70,0.7903225806451613,0.7903225806451613,0.7903225806451613,0.9674185463659147,0.017663043478260868,62,62,0.973812237026648,0.8836380522134205
hybrid_scoring,2,0.2,80,0.7741935483870968,0.7741935483870968,0.7741935483870968,0.9649122807017544,0.019021739130434784,62,62,0.9881442847124824,0.9159682629084921
hybrid_scoring,2,0.2,90,0.8064516129032258,0.8064516129032258,0.8064516129032258,0.9699248120300752,0.016304347826086956,62,62,0.9790497896213185,0.8996281075901077
hybrid_scoring,2,0.2,100,0.7903225806451613,0.7903225806451613,0.7903225806451613,0.9674185463659147,0.017663043478260868,62,62,0.9714893057503506,0.8785103604391203
rule_mining,0,0.2,0,0.7903225806451613,0.7903225806451613,0.7903225806451613,0.9674185463659147,0.017663043478260868,62,62,0.9778225806451614,0.9010091129825872
rule_mining,0,0.2,10,0.4838709677419355,0.4838709677419355,0.4838709677419355,0.9197994987468672,0.043478260869565216,62,62,0.9447098527349229,0.6588272243703912
rule_mining,0,0.2,20,0.3387096774193548,0.3387096774193548,0.3387096774193548,0.8972431077694235,0.05570652173913043,62,62,0.9118600981767181,0.4915462605278239
rule_mining,0,0.2,30,0.1774193548387097,0.1774193548387097,0.1774193548387097,0.8721804511278195,0.06929347826086957,62,62,0.4434826437587657,0.19816049351812837
rule_mining,0,0.2,40,0.7741935483870968,0.7741935483870968,0.7741935483870968,0.9649122807017544,0.019021739130434784,62,62,0.9861938990182328,0.8837278748202542
rule_mining,0,0.2,50,0.7903225806451613,0.7903225806451613,0.7903225806451613,0.9674185463659147,0.017663043478260868,62,62,0.9873115357643759,0.9016568072456279
rule_mining,0,0.2,60,0.7741935483870968,0.7741935483870968,0.7741935483870968,0.9649122807017544,0.019021739130434784,62,62,0.9852296633941094,0.8759717669407475
rule_mining,0,0.2,70,0.7258064516129032,0.7258064516129032,0.7258064516129032,0.9573934837092731,0.02309782608695652,62,62,0.9810440042075736,0.8725839008683929
rule_mining,0,0.2,80,0.7258064516129032,0.7258064516129032,0.7258064516129032,0.9573934837092731,0.02309782608695652,62,62,0.9810440042075736,0.8725839008683929
rule_mining,0,0.2,90,0.7741935483870968,0.7741935483870968,0.7741935483870968,0.9649122807017544,0.019021739130434784,62,62,0.9895029803646564,0.8977394938836282
rule_mining,0,0.2,100,0.8225806451612904,0.8225806451612904,0.8225806451612904,0.9724310776942355,0.014945652173913044,62,62,0.9914095371669004,0.911537798570315
rule_mining,1,0.2,0,0.8387096774193549,0.8387096774193549,0.8387096774193549,0.974937343358396,0.01358695652173913,62,62,0.9795319074333801,0.9058122916919441
rule_mining,1,0.2,10,0.8387096774193549,0.8387096774193549,0.8387096774193549,0.974937343358396,0.01358695652173913,62,62,0.9795319074333801,0.9058122916919441
rule_mining,1,0.2,20,0.5483870967741935,0.5483870967741935,0.5483870967741935,0.9298245614035088,0.03804347826086957,62,62,0.8248378330995794,0.5026136579036994
rule_mining,1,0.2,30,0.2903225806451613,0.2903225806451613,0.2903225806451613,0.8897243107769424,0.059782608695652176,62,62,0.7312631486676017,0.400243524179364
rule_mining,1,0.2,40,0.5645161290322581,0.5645161290322581,0.5645161290322581,0.9323308270676691,0.036684782608695655,62,62,0.9233651823281908,0.6405434350773387
rule_mining,1,0.2,50,0.3870967741935484,0.3870967741935484,0.3870967741935484,0.9047619047619048,0.051630434782608696,62,62,0.824750175315568,0.36953049960179396
rule_mining,1,0.2,60,0.3548387096774194,0.3548387096774194,0.3548387096774194,0.899749373433584,0.05434782608695652,62,62,0.9472738429172511,0.631915748174857
rule_mining,1,0.2,70,0.8387096774193549,0.8387096774193549,0.8387096774193549,0.974937343358396,0.01358695652173913,62,62,0.9760255960729314,0.8834857013189826
rule_mining,1,0.2,80,0.8387096774193549,0.8387096774193549,0.8387096774193549,0.974937343358396,0.01358695652173913,62,62,0.9760255960729314,0.8834857013189826
rule_mining,1,0.2,90,0.5483870967741935,0.5483870967741935,0.5483870967741935,0.9298245614035088,0.03804347826086957,62,62,0.9393188990182328,0.6054559100278208
rule_mining,1,0.2,100,0.6774193548387096,0.6774193548387096,0.6774193548387096,0.949874686716792,0.02717391304347826,62,62,0.9637754207573633,0.7949738901663269
rule_mining,2,0.2,0,0.8709677419354839,0.8709677419354839,0.8709677419354839,0.9799498746867168,0.010869565217391304,62,62,0.9795976507713885,0.9148812042693945
rule_mining,2,0.2,10,0.6451612903225806,0.6451612903225806,0.6451612903225806,0.9448621553884712,0.029891304347826088,62,62,0.9611895161290321,0.6883182463549246
rule_mining,2,0.2,20,0.41935483870967744,0.41935483870967744,0.41935483870967744,0.9097744360902256,0.04891304347826087,62,62,0.9326349929873773,0.5962195790636331
rule_mining,2,0.2,30,0.2903225806451613,0.2903225806451613,0.2903225806451613,0.8897243107769424,0.059782608695652176,62,62,0.9147528050490884,0.4647718079445914
rule_mining,2,0.2,40,0.8548387096774194,0.8548387096774194,0.8548387096774194,0.9774436090225563,0.012228260869565218,62,62,0.9941050140252454,0.9471949245779435
rule_mining,2,0.2,50,0.8064516129032258,0.8064516129032258,0.8064516129032258,0.9699248120300752,0.016304347826086956,62,62,0.9926586605890603,0.9332872720540529
rule_mining,2,0.2,60,0.8870967741935484,0.8870967741935484,0.8870967741935484,0.9824561403508771,0.009510869565217392,62,62,0.9957705119214586,0.9437413931238997
rule_mining,2,0.2,70,0.9193548387096774,0.9193548387096774,0.9193548387096774,0.9874686716791979,0.006793478260869565,62,62,0.9978742987377279,0.9786757184489411
rule_mining,2,0.2,80,0.8870967741935484,0.8870967741935484,0.8870967741935484,0.9824561403508771,0.009510869565217392,62,62,0.9942365007012622,0.925733372074467
rule_mining,2,0.2,90,0.9193548387096774,0.9193548387096774,0.9193548387096774,0.9874686716791979,0.006793478260869565,62,62,0.9983345021037867,0.9833299367679003
rule_mining,2,0.2,100,0.9032258064516129,0.9032258064516129,0.9032258064516129,0.9849624060150376,0.008152173913043478,62,62,0.9973702664796634,0.9753878989568687
